session,is_bot,prolific_id,id_in_session,id_in_group,multiplier,disclose,contribution,rt1,rt2,payoff,total,round_number,individual_share,total_contribution,group_id,disclosure_group
e2f9bodh,0,Bob2,1,1,0.8,0,3,4478,2650,11.0,11.0,1,4.0,8.0,89,1
e2f9bodh,0,Bob7,2,1,1.2,1,8,5238,2898,8.8,8.8,1,6.8,13.6,85,2
e2f9bodh,0,Bob6,3,2,0.8,0,7,4364,2549,7.0,7.0,1,4.0,8.0,89,2
e2f9bodh,0,Bob9,4,2,1.2,1,10,4417,3133,8.4,8.4,1,8.4,16.8,88,2
e2f9bodh,0,Bob4,5,2,0.8,0,5,4848,2202,11.8,11.8,1,6.8,13.6,85,1
e2f9bodh,0,Bob3,6,1,1.2,0,4,4948,2083,14.4,14.4,1,8.4,16.8,88,2
e2f9bodh,0,Bob10,7,1,1.2,0,1,4907,2797,13.2,13.2,1,4.2,8.4,86,1
e2f9bodh,0,Bob11,8,2,1.2,0,2,4381,2428,12.8,12.8,1,4.8,9.6,87,1
e2f9bodh,0,Bob8,9,2,0.8,1,9,4621,2864,5.2,5.2,1,4.2,8.4,86,2
e2f9bodh,0,Bob5,10,1,1.2,0,6,4975,3177,8.8,8.8,1,4.8,9.6,87,2
e2f9bodh,0,Bob0,11,2,0.8,0,1,5220,2322,10.2,10.2,1,1.2,2.4000000000000004,90,1
e2f9bodh,0,Bob1,12,1,0.8,0,2,5239,2856,9.2,9.2,1,1.2,2.4000000000000004,90,1
e2f9bodh,0,Bob2,1,1,0.8,1,3,2626,2210,8.6,19.6,2,1.6,3.2,96,1
e2f9bodh,0,Bob7,2,1,1.2,1,8,2640,2529,10.4,19.2,2,8.4,16.799999999999997,94,2
e2f9bodh,0,Bob6,3,2,0.8,1,2,3249,3044,12.4,19.4,2,4.4,8.8,95,2
e2f9bodh,0,Bob9,4,1,1.2,1,10,2481,2615,6.8,15.2,2,6.8,13.6,92,2
e2f9bodh,0,Bob4,5,2,0.8,0,5,3254,2789,9.4,21.2,2,4.4,8.8,91,1
e2f9bodh,0,Bob3,6,1,1.2,1,4,2925,2330,10.4,24.8,2,4.4,8.8,91,2
e2f9bodh,0,Bob10,7,1,1.2,0,1,3057,2092,10.8,24.0,2,1.8,3.5999999999999996,93,1
e2f9bodh,0,Bob11,8,2,1.2,0,2,2798,3259,9.8,22.6,2,1.8,3.5999999999999996,93,1
e2f9bodh,0,Bob8,9,1,0.8,1,9,2471,2919,5.4,10.6,2,4.4,8.8,95,2
e2f9bodh,0,Bob5,10,2,1.2,1,6,2767,3177,12.4,21.2,2,8.4,16.799999999999997,94,2
e2f9bodh,0,Bob0,11,2,0.8,0,1,2197,2196,10.6,20.8,2,1.6,3.2,96,1
e2f9bodh,0,Bob1,12,2,0.8,0,2,3176,2685,14.8,24.0,2,6.8,13.6,92,1
e2f9bodh,0,Bob2,1,2,0.8,0,3,2721,3096,8.6,28.2,3,1.6,3.2,102,1
e2f9bodh,0,Bob7,2,1,1.2,1,8,2440,2186,10.4,29.6,3,8.4,16.8,98,2
e2f9bodh,0,Bob6,3,1,0.8,0,7,2390,2528,7.8,27.2,3,4.8,9.600000000000001,101,2
e2f9bodh,0,Bob9,4,1,1.2,1,10,2680,2860,7.2,22.4,3,7.2,14.4,100,2
e2f9bodh,0,Bob4,5,2,0.8,0,5,2653,3047,9.8,31.0,3,4.8,9.600000000000001,101,1
e2f9bodh,0,Bob3,6,2,1.2,0,4,2980,2867,9.0,33.8,3,3.0,6.0,99,2
e2f9bodh,0,Bob10,7,1,1.2,0,1,3076,2793,12.0,36.0,3,3.0,6.0,99,1
e2f9bodh,0,Bob11,8,2,1.2,0,2,2449,2748,15.2,37.8,3,7.2,14.4,100,1
e2f9bodh,0,Bob8,9,2,0.8,1,9,2220,2459,9.4,20.0,3,8.4,16.8,98,2
e2f9bodh,0,Bob5,10,1,1.2,0,6,2558,2190,8.4,29.6,3,4.4,8.799999999999999,97,2
e2f9bodh,0,Bob0,11,1,0.8,0,1,2498,2302,10.6,31.4,3,1.6,3.2,102,1
e2f9bodh,0,Bob1,12,2,0.8,0,2,2661,3079,12.4,36.4,3,4.4,8.799999999999999,97,1
e2f9bodh,0,Bob2,1,2,0.8,0,3,2836,2542,8.8,37.0,4,1.8,3.6000000000000005,103,1
e2f9bodh,0,Bob7,2,1,1.2,1,8,2960,2301,12.8,42.4,4,10.8,21.6,106,2
e2f9bodh,0,Bob6,3,1,0.8,1,7,2210,2454,7.8,35.0,4,4.8,9.600000000000001,107,2
e2f9bodh,0,Bob9,4,2,1.2,1,10,3053,2296,10.8,33.2,4,10.8,21.6,106,2
e2f9bodh,0,Bob4,5,2,0.8,0,5,3020,2313,9.8,40.8,4,4.8,9.600000000000001,107,1
e2f9bodh,0,Bob3,6,1,1.2,0,4,2665,2183,12.0,45.8,4,6.0,12.0,105,2
e2f9bodh,0,Bob10,7,1,1.2,0,1,2913,2185,10.8,46.8,4,1.8,3.6000000000000005,103,1
e2f9bodh,0,Bob11,8,1,1.2,0,2,3170,2954,12.8,50.6,4,4.8,9.6,104,1
e2f9bodh,0,Bob8,9,2,0.8,0,9,2804,3113,5.8,25.8,4,4.8,9.6,104,2
e2f9bodh,0,Bob5,10,2,1.2,1,6,3166,2822,10.0,39.6,4,6.0,12.0,105,2
e2f9bodh,0,Bob0,11,2,0.8,0,1,3189,2359,10.2,41.6,4,1.2,2.4000000000000004,108,1
e2f9bodh,0,Bob1,12,1,0.8,0,2,2343,2618,9.2,45.6,4,1.2,2.4000000000000004,108,1
e2f9bodh,0,Bob2,1,1,0.8,0,3,2737,2753,9.0,46.0,5,2.0,4.0,113,1
e2f9bodh,0,Bob7,2,2,1.2,1,8,2567,2755,7.4,49.8,5,5.4,10.799999999999999,111,2
e2f9bodh,0,Bob6,3,2,0.8,0,7,2082,2950,8.2,43.2,5,5.2,10.4,109,2
e2f9bodh,0,Bob9,4,2,1.2,1,10,2681,2812,7.2,40.4,5,7.2,14.4,112,2
e2f9bodh,0,Bob4,5,1,0.8,0,5,2609,2974,10.6,51.4,5,5.6,11.2,114,1
e2f9bodh,0,Bob3,6,1,1.2,0,4,2423,2405,11.2,57.0,5,5.2,10.4,109,2
e2f9bodh,0,Bob10,7,1,1.2,0,1,2677,3246,14.4,61.2,5,5.4,10.799999999999999,111,1
e2f9bodh,0,Bob11,8,1,1.2,0,2,3239,3314,15.2,65.8,5,7.2,14.4,112,1
e2f9bodh,0,Bob8,9,2,0.8,1,9,3188,2974,6.6,32.4,5,5.6,11.2,114,2
e2f9bodh,0,Bob5,10,1,1.2,1,6,2315,2743,8.0,47.6,5,4.0,7.999999999999999,110,2
e2f9bodh,0,Bob0,11,2,0.8,0,1,2670,3117,13.0,54.6,5,4.0,7.999999999999999,110,1
e2f9bodh,0,Bob1,12,2,0.8,0,2,3117,2639,10.0,55.6,5,2.0,4.0,113,1
e2f9bodh,0,Bob2,1,2,0.8,0,3,2564,2459,9.0,55.0,6,2.0,4.0,119,1
e2f9bodh,0,Bob7,2,1,1.2,0,8,2688,2654,7.2,57.0,6,5.2,10.4,115,2
e2f9bodh,0,Bob6,3,1,0.8,0,7,2563,2862,7.8,51.0,6,4.8,9.600000000000001,120,2
e2f9bodh,0,Bob9,4,1,1.2,1,10,3023,2090,9.6,50.0,6,9.6,19.2,116,2
e2f9bodh,0,Bob4,5,2,0.8,0,5,2497,2332,9.8,61.2,6,4.8,9.600000000000001,120,1
e2f9bodh,0,Bob3,6,2,1.2,0,4,3241,3086,12.0,69.0,6,6.0,12.0,118,2
e2f9bodh,0,Bob10,7,1,1.2,0,1,3215,2330,10.8,72.0,6,1.8,3.5999999999999996,117,1
e2f9bodh,0,Bob11,8,2,1.2,0,2,2833,2932,9.8,75.6,6,1.8,3.5999999999999996,117,1
e2f9bodh,0,Bob8,9,2,0.8,1,9,2559,2894,10.6,43.0,6,9.6,19.2,116,2
e2f9bodh,0,Bob5,10,1,1.2,1,6,2771,3031,10.0,57.6,6,6.0,12.0,118,2
e2f9bodh,0,Bob0,11,2,0.8,0,1,2221,2242,14.2,68.8,6,5.2,10.4,115,1
e2f9bodh,0,Bob1,12,1,0.8,0,2,2704,2869,10.0,65.6,6,2.0,4.0,119,1
e2f9bodh,0,Bob2,1,2,0.8,0,3,2186,2652,8.8,63.8,7,1.8,3.6000000000000005,169,1
e2f9bodh,0,Bob7,2,2,1.2,1,8,2163,2318,10.4,67.4,7,8.4,16.8,174,2
e2f9bodh,0,Bob6,3,2,0.8,1,7,2388,2175,8.2,59.2,7,5.2,10.4,173,2
e2f9bodh,0,Bob9,4,1,1.2,1,10,2367,2407,9.6,59.6,7,9.6,19.2,172,2
e2f9bodh,0,Bob4,5,2,0.8,1,5,3098,2739,7.4,68.6,7,2.4,4.8,170,1
e2f9bodh,0,Bob3,6,1,1.2,0,4,2660,2109,11.2,80.2,7,5.2,10.4,173,2
e2f9bodh,0,Bob10,7,1,1.2,0,1,2737,3085,10.8,82.8,7,1.8,3.6000000000000005,169,1
e2f9bodh,0,Bob11,8,2,1.2,0,2,2291,2192,10.0,85.6,7,2.0,4.0,171,1
e2f9bodh,0,Bob8,9,1,0.8,1,9,3062,2623,9.4,52.4,7,8.4,16.8,174,2
e2f9bodh,0,Bob5,10,2,1.2,0,6,2730,2863,13.6,71.2,7,9.6,19.2,172,2
e2f9bodh,0,Bob0,11,1,0.8,0,1,2513,2189,11.4,80.2,7,2.4,4.8,170,1
e2f9bodh,0,Bob1,12,1,0.8,0,2,3032,2650,10.0,75.6,7,2.0,4.0,171,1
e2f9bodh,0,Bob2,1,2,0.8,0,3,3086,2188,8.8,72.6,8,1.8,3.6000000000000005,176,1
e2f9bodh,0,Bob7,2,1,1.2,1,8,2843,2438,12.8,80.2,8,10.8,21.6,178,2
e2f9bodh,0,Bob6,3,1,0.8,0,7,2189,2306,9.4,68.6,8,6.4,12.8,180,2
e2f9bodh,0,Bob9,4,2,1.2,1,10,2944,2075,10.8,70.4,8,10.8,21.6,178,2
e2f9bodh,0,Bob4,5,1,0.8,1,5,2821,2958,7.4,76.0,8,2.4,4.8,175,1
e2f9bodh,0,Bob3,6,1,1.2,0,4,2298,2654,12.0,92.2,8,6.0,12.0,179,2
e2f9bodh,0,Bob10,7,1,1.2,0,1,2878,2537,10.8,93.6,8,1.8,3.6000000000000005,176,1
e2f9bodh,0,Bob11,8,1,1.2,0,2,3059,2101,10.0,95.6,8,2.0,4.0,177,1
e2f9bodh,0,Bob8,9,2,0.8,1,9,2724,2978,7.0,59.4,8,6.0,12.0,179,2
e2f9bodh,0,Bob5,10,2,1.2,1,6,2512,2629,10.4,81.6,8,6.4,12.8,180,2
e2f9bodh,0,Bob0,11,2,0.8,0,1,2405,2801,11.4,91.6,8,2.4,4.8,175,1
e2f9bodh,0,Bob1,12,2,0.8,0,2,2131,2657,10.0,85.6,8,2.0,4.0,177,1
e2f9bodh,0,Bob2,1,2,0.8,0,3,2504,2305,8.8,81.4,9,1.8,3.6000000000000005,181,1
e2f9bodh,0,Bob7,2,2,1.2,1,8,2724,3035,10.4,90.6,9,8.4,16.799999999999997,186,2
e2f9bodh,0,Bob6,3,1,0.8,1,7,2387,3029,11.8,80.4,9,8.8,17.6,184,2
e2f9bodh,0,Bob9,4,2,1.2,1,10,2454,2665,8.8,79.2,9,8.8,17.6,184,2
e2f9bodh,0,Bob4,5,1,0.8,1,5,3270,2524,7.8,83.8,9,2.8,5.6,183,1
e2f9bodh,0,Bob3,6,2,1.2,1,4,2386,2099,12.0,104.2,9,6.0,12.0,185,2
e2f9bodh,0,Bob10,7,1,1.2,0,1,2733,2735,10.8,104.4,9,1.8,3.6000000000000005,181,1
e2f9bodh,0,Bob11,8,2,1.2,0,2,2277,2406,9.6,105.2,9,1.6,3.2,182,1
e2f9bodh,0,Bob8,9,1,0.8,1,9,3040,2283,7.0,66.4,9,6.0,12.0,185,2
e2f9bodh,0,Bob5,10,1,1.2,0,6,2284,2328,12.4,94.0,9,8.4,16.799999999999997,186,2
e2f9bodh,0,Bob0,11,1,0.8,0,1,2048,3132,10.6,102.2,9,1.6,3.2,182,1
e2f9bodh,0,Bob1,12,2,0.8,0,2,2601,2973,10.8,96.4,9,2.8,5.6,183,1
e2f9bodh,0,Bob2,1,1,0.8,0,3,2062,2546,10.2,91.6,10,3.2,6.4,187,1
e2f9bodh,0,Bob7,2,1,1.2,1,8,2390,3130,9.2,99.8,10,7.2,14.399999999999999,191,2
e2f9bodh,0,Bob6,3,1,0.8,1,7,2632,2850,9.4,89.8,10,6.4,12.8,192,2
e2f9bodh,0,Bob9,4,2,1.2,1,10,2269,2511,9.6,88.8,10,9.6,19.2,190,2
e2f9bodh,0,Bob4,5,2,0.8,1,5,2498,3080,8.2,92.0,10,3.2,6.4,187,1
e2f9bodh,0,Bob3,6,2,1.2,1,4,2626,3071,13.2,117.4,10,7.2,14.399999999999999,191,2
e2f9bodh,0,Bob10,7,1,1.2,0,1,3054,2633,10.4,114.8,10,1.4,2.8,188,1
e2f9bodh,0,Bob11,8,2,1.2,0,2,2979,2476,9.6,114.8,10,1.6,3.2,189,1
e2f9bodh,0,Bob8,9,2,0.8,1,9,2174,2455,7.4,73.8,10,6.4,12.8,192,2
e2f9bodh,0,Bob5,10,1,1.2,1,6,2176,2971,13.6,107.6,10,9.6,19.2,190,2
e2f9bodh,0,Bob0,11,1,0.8,0,1,2956,3086,10.6,112.8,10,1.6,3.2,189,1
e2f9bodh,0,Bob1,12,2,0.8,1,2,2681,2995,9.4,105.8,10,1.4,2.8,188,1
e2f9bodh,0,Bob2,1,2,0.8,0,3,2750,2175,8.6,100.2,11,1.6,3.2,194,1
e2f9bodh,0,Bob7,2,1,1.2,1,8,2385,2727,9.2,109.0,11,7.2,14.399999999999999,196,2
e2f9bodh,0,Bob6,3,1,0.8,1,7,2613,3011,9.4,99.2,11,6.4,12.8,197,2
e2f9bodh,0,Bob9,4,2,1.2,1,10,3299,2217,9.6,98.4,11,9.6,19.2,198,2
e2f9bodh,0,Bob4,5,1,0.8,1,5,2128,2322,7.8,99.8,11,2.8,5.6,193,1
e2f9bodh,0,Bob3,6,2,1.2,0,4,3133,3036,13.2,130.6,11,7.2,14.399999999999999,196,2
e2f9bodh,0,Bob10,7,1,1.2,0,1,2599,3076,10.8,125.6,11,1.8,3.5999999999999996,195,1
e2f9bodh,0,Bob11,8,2,1.2,0,2,2500,2432,9.8,124.6,11,1.8,3.5999999999999996,195,1
e2f9bodh,0,Bob8,9,1,0.8,1,9,2466,2201,10.6,84.4,11,9.6,19.2,198,2
e2f9bodh,0,Bob5,10,2,1.2,1,6,2216,2146,10.4,118.0,11,6.4,12.8,197,2
e2f9bodh,0,Bob0,11,1,0.8,0,1,3158,2740,10.6,123.4,11,1.6,3.2,194,1
e2f9bodh,0,Bob1,12,2,0.8,0,2,2855,3086,10.8,116.6,11,2.8,5.6,193,1
e2f9bodh,0,Bob2,1,2,0.8,0,3,3052,2870,8.8,109.0,12,1.8,3.6000000000000005,199,1
e2f9bodh,0,Bob7,2,2,1.2,0,8,2314,2448,12.8,121.8,12,10.8,21.6,202,2
e2f9bodh,0,Bob6,3,1,0.8,1,7,2526,2343,8.2,107.4,12,5.2,10.4,204,2
e2f9bodh,0,Bob9,4,1,1.2,1,10,3050,2295,10.8,109.2,12,10.8,21.6,202,2
e2f9bodh,0,Bob4,5,1,0.8,0,5,3361,2399,8.2,108.0,12,3.2,6.4,200,1
e2f9bodh,0,Bob3,6,2,1.2,1,4,2991,2959,11.2,141.8,12,5.2,10.4,204,2
e2f9bodh,0,Bob10,7,1,1.2,0,1,2601,2856,10.8,136.4,12,1.8,3.6000000000000005,199,1
e2f9bodh,0,Bob11,8,2,1.2,0,2,2734,2205,11.2,135.8,12,3.2,6.4,200,1
e2f9bodh,0,Bob8,9,2,0.8,1,9,2331,2852,8.2,92.6,12,7.2,14.399999999999999,203,2
e2f9bodh,0,Bob5,10,1,1.2,0,6,2547,2568,11.2,129.2,12,7.2,14.399999999999999,203,2
e2f9bodh,0,Bob0,11,2,0.8,0,1,2608,2744,10.2,133.6,12,1.2,2.4000000000000004,201,1
e2f9bodh,0,Bob1,12,1,0.8,1,2,3087,2476,9.2,125.8,12,1.2,2.4000000000000004,201,1
e2f9bodh,0,Bob2,1,2,0.8,1,3,3053,2980,9.4,118.4,13,2.4,4.800000000000001,207,1
e2f9bodh,0,Bob7,2,2,1.2,1,8,2518,2285,10.4,132.2,13,8.4,16.8,209,2
e2f9bodh,0,Bob6,3,1,0.8,0,7,2492,2646,11.8,119.2,13,8.8,17.6,208,2
e2f9bodh,0,Bob9,4,2,1.2,1,10,2861,2931,8.8,118.0,13,8.8,17.6,208,2
e2f9bodh,0,Bob4,5,2,0.8,0,5,2420,2754,7.8,115.8,13,2.8,5.6,206,1
e2f9bodh,0,Bob3,6,2,1.2,0,4,2505,2152,12.0,153.8,13,6.0,12.0,210,2
e2f9bodh,0,Bob10,7,2,1.2,0,1,2126,3109,10.0,146.4,13,1.0,2.0,205,1
e2f9bodh,0,Bob11,8,1,1.2,0,2,2836,2750,10.4,146.2,13,2.4,4.800000000000001,207,1
e2f9bodh,0,Bob8,9,1,0.8,1,9,2995,2437,9.4,102.0,13,8.4,16.8,209,2
e2f9bodh,0,Bob5,10,1,1.2,0,6,2088,2447,10.0,139.2,13,6.0,12.0,210,2
e2f9bodh,0,Bob0,11,1,0.8,0,1,2953,3092,10.0,143.6,13,1.0,2.0,205,1
e2f9bodh,0,Bob1,12,1,0.8,1,2,2718,2608,10.8,136.6,13,2.8,5.6,206,1
e2f9bodh,0,Bob2,1,1,0.8,0,3,3346,2743,9.0,127.4,14,2.0,4.0,213,1
e2f9bodh,0,Bob7,2,2,1.2,1,8,3394,2457,10.4,142.6,14,8.4,16.8,215,2
e2f9bodh,0,Bob6,3,2,0.8,0,7,2733,2627,8.2,127.4,14,5.2,10.4,216,2
e2f9bodh,0,Bob9,4,1,1.2,1,10,2110,2769,9.6,127.6,14,9.6,19.2,214,2
e2f9bodh,0,Bob4,5,2,0.8,0,5,2064,2949,7.6,123.4,14,2.6,5.2,212,1
e2f9bodh,0,Bob3,6,1,1.2,1,4,2626,2814,11.2,165.0,14,5.2,10.4,216,2
e2f9bodh,0,Bob10,7,1,1.2,0,1,3066,2913,11.6,158.0,14,2.6,5.2,212,1
e2f9bodh,0,Bob11,8,2,1.2,0,2,3098,2530,9.6,155.8,14,1.6,3.2,211,1
e2f9bodh,0,Bob8,9,1,0.8,1,9,2388,2306,9.4,111.4,14,8.4,16.8,215,2
e2f9bodh,0,Bob5,10,2,1.2,1,6,2618,2088,13.6,152.8,14,9.6,19.2,214,2
e2f9bodh,0,Bob0,11,1,0.8,0,1,3129,2671,10.6,154.2,14,1.6,3.2,211,1
e2f9bodh,0,Bob1,12,2,0.8,1,2,2828,2089,10.0,146.6,14,2.0,4.0,213,1
