session,is_bot,prolific_id,id_in_session,id_in_group,multiplier,disclose,disclose_experimenter,contribution,rt1,rt2,payoff,total,round_number,individual_share,total_contribution,group_id
jwexunmb,0,5cc5af95ce735c0017908790,1,1,2.5,0,1,10,5845,21171,20.0,20.0,1,20.0,40.0,546
jwexunmb,0,6083f1a1c244e05d9105bae6,2,1,1.5,0,1,5,8893,15520,14.0,14.0,1,9.0,18.0,558
jwexunmb,0,60957475f7b6d2a2ec5c60a3,3,2,1.5,0,0,10,16151,11087,10.5,10.5,1,10.5,21.0,557
jwexunmb,0,5fae68d5b74c182cacbe5d6a,4,1,2.5,0,0,10,10226,9365,16.25,16.25,1,16.25,32.5,542
jwexunmb,0,5f6e4795536d16361a5119b5,5,2,1.5,1,1,10,4259,6168,10.5,10.5,1,10.5,21.0,555
jwexunmb,0,5f2448855226b0000a8129e1,6,2,2.5,0,0,10,14204,11408,12.5,12.5,1,12.5,25.0,547
jwexunmb,0,5d0aa9aa5047d20018b8490d,7,2,1.5,0,1,6,5612,12157,11.0,11.0,1,7.0,14.0,541
jwexunmb,0,602fb33786b077cdbad2d5bb,8,1,2.5,1,1,5,24795,14017,17.5,17.5,1,12.5,25.0,550
jwexunmb,0,5cb6d6608f7ee10016e5abd7,9,2,2.5,0,1,5,5250,14353,17.5,17.5,1,12.5,25.0,550
jwexunmb,0,5cd1bdedf2156c00013b0152,10,2,1.5,0,0,5,13804,11506,21.25,21.25,1,16.25,32.5,542
jwexunmb,0,5f89cbc45b38f5016101011c,11,1,1.5,0,1,5,9657,13012,11.0,11.0,1,6.0,12.0,553
jwexunmb,0,60147ed73045234d08a3a35d,12,1,2.5,1,1,10,4858,9247,16.25,16.25,1,16.25,32.5,545
jwexunmb,0,601d8755bc36890e34c83999,13,1,2.5,0,1,10,20012,19271,17.5,17.5,1,17.5,35.0,552
jwexunmb,0,5f5159f9e0375838294da699,14,2,1.5,1,1,10,12514,10075,9.0,9.0,1,9.0,18.0,554
jwexunmb,0,5ffc3db4e2e31f000895b073,15,2,1.5,1,1,5,21702,12802,21.25,21.25,1,16.25,32.5,545
jwexunmb,0,5f9c236b484eba05eef4145e,16,1,1.5,0,0,4,8021,8273,16.5,16.5,1,10.5,21.0,557
jwexunmb,0,5e2f448d3d8aa150310b677b,17,1,2.5,0,0,5,15192,14957,17.25,17.25,1,12.25,24.5,543
jwexunmb,0,606389edd44e23139eeecd82,18,2,1.5,1,1,5,13100,12567,12.5,12.5,1,7.5,15.0,556
jwexunmb,0,5c2fcd716ea6880001dc8e3d,19,2,2.5,1,1,4,8275,7193,23.5,23.5,1,17.5,35.0,552
jwexunmb,0,5ca52d313d3ff5001589059c,20,2,1.5,0,1,3,6522,12162,13.0,13.0,1,6.0,12.0,553
jwexunmb,0,605d06581b5591e8199036b5,21,1,2.5,1,1,2,4494,7672,15.0,15.0,1,7.0,14.0,541
jwexunmb,0,5e1b8f81651b723bf3ce7795,22,1,2.5,0,1,6,14842,21202,17.75,17.75,1,13.75,27.5,551
jwexunmb,0,5f131d8417ab1e03a958b349,23,1,1.5,1,1,2,11427,6908,17.0,17.0,1,9.0,18.0,554
jwexunmb,0,60a0dfc6f9936b0d30dfea15,24,1,2.5,1,1,7,9196,15658,15.5,15.5,1,12.5,25.0,544
jwexunmb,0,607b2df4eb8c8a82dd2ce8b8,25,1,1.5,0,0,4,8666,11815,16.5,16.5,1,10.5,21.0,555
jwexunmb,0,60a153e67025247950c7ee24,26,1,2.5,1,1,6,8637,12665,24.0,24.0,1,20.0,40.0,549
jwexunmb,0,5f0633361308dd16f7f4039c,27,2,1.5,1,1,7,30404,15223,12.0,12.0,1,9.0,18.0,558
jwexunmb,0,5e9dd814910d621387801b01,28,2,1.5,1,1,8,6075,9371,14.25,14.25,1,12.25,24.5,543
jwexunmb,0,5e19152c6b55081d6760e512,29,1,2.5,0,1,5,10056,12261,16.25,16.25,1,11.25,22.5,548
jwexunmb,0,5dc4bc30569be3387eb6b52f,30,1,1.5,0,1,5,6441,8155,12.5,12.5,1,7.5,15.0,556
jwexunmb,0,603eafab982298f40bfe9120,31,2,2.5,0,0,4,6828,8057,17.25,17.25,1,11.25,22.5,548
jwexunmb,0,5f3bf76b70b2305d2e676bc8,32,2,1.5,0,0,5,30638,22642,17.5,17.5,1,12.5,25.0,544
jwexunmb,0,5e7d2f16e863ba0d96dc610f,33,1,2.5,0,1,0,9581,13315,22.5,22.5,1,12.5,25.0,547
jwexunmb,0,5f06eefaf3fc742667b4e79d,34,2,1.5,0,1,10,28886,17910,20.0,20.0,1,20.0,40.0,546
jwexunmb,0,607cbdea57addf71b2890592,35,2,2.5,0,1,5,10946,16017,18.75,18.75,1,13.75,27.5,551
jwexunmb,0,5c5cad3e4ee81200018eafe2,36,2,2.5,0,1,10,6886,9236,20.0,20.0,1,20.0,40.0,549
jwexunmb,0,5cc5af95ce735c0017908790,1,2,2.5,1,1,10,2500,7037,20.0,40.0,2,20.0,40.0,569
jwexunmb,0,6083f1a1c244e05d9105bae6,2,1,1.5,0,1,5,9072,8809,15.5,29.5,2,10.5,21.0,576
jwexunmb,0,60957475f7b6d2a2ec5c60a3,3,1,1.5,1,1,6,6919,11655,10.75,21.25,2,6.75,13.5,574
jwexunmb,0,5fae68d5b74c182cacbe5d6a,4,1,2.5,0,1,10,8580,16665,16.25,32.5,2,16.25,32.5,559
jwexunmb,0,5f6e4795536d16361a5119b5,5,2,1.5,1,1,6,3377,18344,13.75,24.25,2,9.75,19.5,572
jwexunmb,0,5f2448855226b0000a8129e1,6,2,2.5,0,0,10,17177,4813,21.25,33.75,2,21.25,42.5,567
jwexunmb,0,5d0aa9aa5047d20018b8490d,7,1,1.5,0,0,3,3644,4770,12.25,23.25,2,5.25,10.5,573
jwexunmb,0,602fb33786b077cdbad2d5bb,8,1,2.5,1,1,7,6952,14124,24.25,41.75,2,21.25,42.5,567
jwexunmb,0,5cb6d6608f7ee10016e5abd7,9,1,2.5,1,1,10,9981,8750,20.0,37.5,2,20.0,40.0,563
jwexunmb,0,5cd1bdedf2156c00013b0152,10,2,1.5,0,1,8,8320,9180,13.0,34.25,2,11.0,22.0,564
jwexunmb,0,5f89cbc45b38f5016101011c,11,1,1.5,0,1,5,6910,9755,12.5,23.5,2,7.5,15.0,571
jwexunmb,0,60147ed73045234d08a3a35d,12,2,2.5,1,1,10,4094,4584,25.0,41.25,2,25.0,50.0,565
jwexunmb,0,601d8755bc36890e34c83999,13,1,2.5,1,1,7,11517,15001,11.75,29.25,2,8.75,17.5,570
jwexunmb,0,5f5159f9e0375838294da699,14,1,1.5,0,0,0,8224,6336,14.5,23.5,2,4.5,9.0,575
jwexunmb,0,5ffc3db4e2e31f000895b073,15,2,1.5,0,1,5,19530,15695,12.5,33.75,2,7.5,15.0,571
jwexunmb,0,5f9c236b484eba05eef4145e,16,2,1.5,0,1,3,11283,11080,13.75,30.25,2,6.75,13.5,574
jwexunmb,0,5e2f448d3d8aa150310b677b,17,2,2.5,1,1,10,6591,10031,18.75,36.0,2,18.75,37.5,568
jwexunmb,0,606389edd44e23139eeecd82,18,2,1.5,1,1,4,7809,9699,11.25,23.75,2,5.25,10.5,573
jwexunmb,0,5c2fcd716ea6880001dc8e3d,19,2,2.5,1,1,10,4055,5866,21.25,44.75,2,21.25,42.5,566
jwexunmb,0,5ca52d313d3ff5001589059c,20,2,1.5,0,1,4,3648,7806,19.0,32.0,2,13.0,26.0,560
jwexunmb,0,605d06581b5591e8199036b5,21,1,2.5,0,0,6,4084,4516,24.0,39.0,2,20.0,40.0,569
jwexunmb,0,5e1b8f81651b723bf3ce7795,22,2,2.5,0,1,0,12699,28249,18.75,36.5,2,8.75,17.5,570
jwexunmb,0,5f131d8417ab1e03a958b349,23,2,1.5,0,0,9,6245,8162,11.5,28.5,2,10.5,21.0,576
jwexunmb,0,60a0dfc6f9936b0d30dfea15,24,1,2.5,0,0,8,5847,7128,15.75,31.25,2,13.75,27.5,561
jwexunmb,0,607b2df4eb8c8a82dd2ce8b8,25,2,1.5,1,1,5,7375,9943,21.25,37.75,2,16.25,32.5,559
jwexunmb,0,60a153e67025247950c7ee24,26,1,2.5,0,0,7,2267,9572,24.25,48.25,2,21.25,42.5,566
jwexunmb,0,5f0633361308dd16f7f4039c,27,2,1.5,1,1,5,10945,9490,18.75,30.75,2,13.75,27.5,561
jwexunmb,0,5e9dd814910d621387801b01,28,2,1.5,1,1,10,2875,5315,13.75,28.0,2,13.75,27.5,562
jwexunmb,0,5e19152c6b55081d6760e512,29,1,2.5,1,1,10,5851,5702,25.0,41.25,2,25.0,50.0,565
jwexunmb,0,5dc4bc30569be3387eb6b52f,30,1,1.5,0,1,7,4144,4697,12.75,25.25,2,9.75,19.5,572
jwexunmb,0,603eafab982298f40bfe9120,31,1,2.5,0,1,4,7019,9040,17.0,34.25,2,11.0,22.0,564
jwexunmb,0,5f3bf76b70b2305d2e676bc8,32,2,1.5,0,1,6,8693,16581,8.5,26.0,2,4.5,9.0,575
jwexunmb,0,5e7d2f16e863ba0d96dc610f,33,1,2.5,1,1,5,4883,7694,18.75,41.25,2,13.75,27.5,562
jwexunmb,0,5f06eefaf3fc742667b4e79d,34,2,1.5,1,1,10,9799,8652,20.0,40.0,2,20.0,40.0,563
jwexunmb,0,607cbdea57addf71b2890592,35,1,2.5,0,0,5,18513,17254,23.75,42.5,2,18.75,37.5,568
jwexunmb,0,5c5cad3e4ee81200018eafe2,36,1,2.5,1,1,8,5325,7987,15.0,35.0,2,13.0,26.0,560
jwexunmb,0,5cc5af95ce735c0017908790,1,2,2.5,0,1,10,5368,11329,22.5,62.5,3,22.5,45.0,583
jwexunmb,0,6083f1a1c244e05d9105bae6,2,1,1.5,1,1,10,8790,10367,10.5,40.0,3,10.5,21.0,590
jwexunmb,0,60957475f7b6d2a2ec5c60a3,3,2,1.5,0,0,10,8046,10711,10.5,31.75,3,10.5,21.0,589
jwexunmb,0,5fae68d5b74c182cacbe5d6a,4,1,2.5,0,0,10,10882,10910,16.25,48.75,3,16.25,32.5,579
jwexunmb,0,5f6e4795536d16361a5119b5,5,2,1.5,0,1,5,3388,7056,14.0,38.25,3,9.0,18.0,594
jwexunmb,0,5f2448855226b0000a8129e1,6,1,2.5,0,1,10,2712,14430,12.5,46.25,3,12.5,25.0,578
jwexunmb,0,5d0aa9aa5047d20018b8490d,7,2,1.5,0,1,4,7199,11140,16.5,39.75,3,10.5,21.0,590
jwexunmb,0,602fb33786b077cdbad2d5bb,8,1,2.5,0,1,10,5819,17344,16.25,58.0,3,16.25,32.5,580
jwexunmb,0,5cb6d6608f7ee10016e5abd7,9,2,2.5,1,1,5,5108,4751,21.25,58.75,3,16.25,32.5,588
jwexunmb,0,5cd1bdedf2156c00013b0152,10,2,1.5,0,0,0,1990,5458,22.5,56.75,3,12.5,25.0,578
jwexunmb,0,5f89cbc45b38f5016101011c,11,2,1.5,1,1,6,8128,14288,12.25,35.75,3,8.25,16.5,582
jwexunmb,0,60147ed73045234d08a3a35d,12,2,2.5,0,1,10,3440,6251,25.0,66.25,3,25.0,50.0,585
jwexunmb,0,601d8755bc36890e34c83999,13,1,2.5,0,0,7,10265,16248,15.5,44.75,3,12.5,25.0,581
jwexunmb,0,5f5159f9e0375838294da699,14,1,1.5,0,1,4,6236,7646,16.5,40.0,3,10.5,21.0,589
jwexunmb,0,5ffc3db4e2e31f000895b073,15,2,1.5,1,1,5,11381,18462,21.25,55.0,3,16.25,32.5,580
jwexunmb,0,5f9c236b484eba05eef4145e,16,2,1.5,0,0,5,9811,10314,17.5,47.75,3,12.5,25.0,581
jwexunmb,0,5e2f448d3d8aa150310b677b,17,1,2.5,1,1,10,8683,5613,25.0,61.0,3,25.0,50.0,585
jwexunmb,0,606389edd44e23139eeecd82,18,1,1.5,0,0,5,2822,9054,16.25,40.0,3,11.25,22.5,592
jwexunmb,0,5c2fcd716ea6880001dc8e3d,19,2,2.5,1,1,8,2155,4726,24.5,69.25,3,22.5,45.0,587
jwexunmb,0,5ca52d313d3ff5001589059c,20,1,1.5,1,1,8,4106,3838,15.5,47.5,3,13.5,27.0,591
jwexunmb,0,605d06581b5591e8199036b5,21,1,2.5,0,0,8,3954,5493,18.25,57.25,3,16.25,32.5,588
jwexunmb,0,5e1b8f81651b723bf3ce7795,22,1,2.5,0,0,0,19262,12138,22.5,59.0,3,12.5,25.0,586
jwexunmb,0,5f131d8417ab1e03a958b349,23,2,1.5,0,0,10,2609,2055,13.5,42.0,3,13.5,27.0,591
jwexunmb,0,60a0dfc6f9936b0d30dfea15,24,1,2.5,0,1,5,8326,7195,15.0,46.25,3,10.0,20.0,577
jwexunmb,0,607b2df4eb8c8a82dd2ce8b8,25,2,1.5,1,1,10,5307,8486,15.0,52.75,3,15.0,30.0,593
jwexunmb,0,60a153e67025247950c7ee24,26,2,2.5,1,1,10,5547,6020,12.5,60.75,3,12.5,25.0,586
jwexunmb,0,5f0633361308dd16f7f4039c,27,1,1.5,0,0,7,9720,5224,12.0,42.75,3,9.0,18.0,594
jwexunmb,0,5e9dd814910d621387801b01,28,2,1.5,0,1,5,4037,4159,21.25,49.25,3,16.25,32.5,579
jwexunmb,0,5e19152c6b55081d6760e512,29,2,2.5,0,1,2,2268,8787,14.25,55.5,3,6.25,12.5,584
jwexunmb,0,5dc4bc30569be3387eb6b52f,30,2,1.5,1,1,10,3325,4086,11.25,36.5,3,11.25,22.5,592
jwexunmb,0,603eafab982298f40bfe9120,31,1,2.5,0,0,3,5027,3733,13.25,47.5,3,6.25,12.5,584
jwexunmb,0,5f3bf76b70b2305d2e676bc8,32,2,1.5,1,1,5,11511,9406,15.0,41.0,3,10.0,20.0,577
jwexunmb,0,5e7d2f16e863ba0d96dc610f,33,1,2.5,1,1,10,3371,3640,22.5,63.75,3,22.5,45.0,587
jwexunmb,0,5f06eefaf3fc742667b4e79d,34,1,1.5,0,0,10,8451,13857,15.0,55.0,3,15.0,30.0,593
jwexunmb,0,607cbdea57addf71b2890592,35,1,2.5,0,0,3,11992,8187,15.25,57.75,3,8.25,16.5,582
jwexunmb,0,5c5cad3e4ee81200018eafe2,36,1,2.5,1,1,8,4888,8678,24.5,59.5,3,22.5,45.0,583
jwexunmb,0,5cc5af95ce735c0017908790,1,2,2.5,1,1,10,7242,3218,25.0,25.0,4,25.0,50.0,603
jwexunmb,0,6083f1a1c244e05d9105bae6,2,2,1.5,1,1,5,7583,7689,15.0,15.0,4,10.0,20.0,596
jwexunmb,0,60957475f7b6d2a2ec5c60a3,3,2,1.5,0,0,5,10076,8371,14.75,14.75,4,9.75,19.5,610
jwexunmb,0,5fae68d5b74c182cacbe5d6a,4,1,2.5,0,1,10,10935,6229,18.75,18.75,4,18.75,37.5,606
jwexunmb,0,5f6e4795536d16361a5119b5,5,2,1.5,0,1,8,6568,8537,11.75,11.75,4,9.75,19.5,608
jwexunmb,0,5f2448855226b0000a8129e1,6,1,2.5,0,1,10,11471,3770,25.0,25.0,4,25.0,50.0,603
jwexunmb,0,5d0aa9aa5047d20018b8490d,7,2,1.5,0,0,3,6711,3943,14.25,14.25,4,7.25,14.5,598
jwexunmb,0,602fb33786b077cdbad2d5bb,8,2,2.5,0,1,7,14009,11054,24.25,24.25,4,21.25,42.5,601
jwexunmb,0,5cb6d6608f7ee10016e5abd7,9,2,2.5,0,1,5,8817,10326,23.75,23.75,4,18.75,37.5,606
jwexunmb,0,5cd1bdedf2156c00013b0152,10,1,1.5,0,0,7,5924,10513,12.0,12.0,4,9.0,18.0,612
jwexunmb,0,5f89cbc45b38f5016101011c,11,2,1.5,0,1,6,8598,12484,16.0,16.0,4,12.0,24.0,607
jwexunmb,0,60147ed73045234d08a3a35d,12,1,2.5,1,1,8,7283,4581,19.5,19.5,4,17.5,35.0,597
jwexunmb,0,601d8755bc36890e34c83999,13,1,2.5,0,1,5,15970,13067,15.75,15.75,4,10.75,21.5,599
jwexunmb,0,5f5159f9e0375838294da699,14,2,1.5,0,1,10,5719,4087,17.5,17.5,4,17.5,35.0,597
jwexunmb,0,5ffc3db4e2e31f000895b073,15,2,1.5,1,1,5,10521,6760,20.0,20.0,4,15.0,30.0,595
jwexunmb,0,5f9c236b484eba05eef4145e,16,2,1.5,0,0,5,12546,5904,13.25,13.25,4,8.25,16.5,611
jwexunmb,0,5e2f448d3d8aa150310b677b,17,1,2.5,0,1,10,12913,7099,21.25,21.25,4,21.25,42.5,601
jwexunmb,0,606389edd44e23139eeecd82,18,2,1.5,1,1,5,13968,3194,14.0,14.0,4,9.0,18.0,612
jwexunmb,0,5c2fcd716ea6880001dc8e3d,19,1,2.5,0,1,9,7969,5233,16.0,16.0,4,15.0,30.0,595
jwexunmb,0,5ca52d313d3ff5001589059c,20,1,1.5,0,1,5,6960,3587,14.75,14.75,4,9.75,19.5,608
jwexunmb,0,605d06581b5591e8199036b5,21,2,2.5,0,1,6,7014,3397,21.5,21.5,4,17.5,35.0,605
jwexunmb,0,5e1b8f81651b723bf3ce7795,22,1,2.5,0,0,0,8077,20593,21.25,21.25,4,11.25,22.5,604
jwexunmb,0,5f131d8417ab1e03a958b349,23,2,1.5,0,1,7,7327,6575,13.25,13.25,4,10.25,20.5,600
jwexunmb,0,60a0dfc6f9936b0d30dfea15,24,2,2.5,1,1,5,9115,5010,13.75,13.75,4,8.75,17.5,602
jwexunmb,0,607b2df4eb8c8a82dd2ce8b8,25,2,1.5,1,1,6,15026,9282,14.75,14.75,4,10.75,21.5,599
jwexunmb,0,60a153e67025247950c7ee24,26,2,2.5,0,1,9,13330,3979,12.25,12.25,4,11.25,22.5,604
jwexunmb,0,5f0633361308dd16f7f4039c,27,1,1.5,1,1,6,11836,7945,12.25,12.25,4,8.25,16.5,611
jwexunmb,0,5e9dd814910d621387801b01,28,1,1.5,0,1,8,5890,4452,14.0,14.0,4,12.0,24.0,609
jwexunmb,0,5e19152c6b55081d6760e512,29,1,2.5,1,1,5,4893,16028,15.0,15.0,4,10.0,20.0,596
jwexunmb,0,5dc4bc30569be3387eb6b52f,30,2,1.5,0,1,8,4137,2805,14.0,14.0,4,12.0,24.0,609
jwexunmb,0,603eafab982298f40bfe9120,31,1,2.5,0,0,4,9187,4108,13.25,13.25,4,7.25,14.5,598
jwexunmb,0,5f3bf76b70b2305d2e676bc8,32,1,1.5,0,1,8,11629,18239,11.75,11.75,4,9.75,19.5,610
jwexunmb,0,5e7d2f16e863ba0d96dc610f,33,1,2.5,0,1,2,6550,11806,16.75,16.75,4,8.75,17.5,602
jwexunmb,0,5f06eefaf3fc742667b4e79d,34,1,1.5,1,1,10,12011,7189,12.0,12.0,4,12.0,24.0,607
jwexunmb,0,607cbdea57addf71b2890592,35,1,2.5,0,0,4,8208,7245,16.25,16.25,4,10.25,20.5,600
jwexunmb,0,5c5cad3e4ee81200018eafe2,36,1,2.5,1,1,8,9239,6566,19.5,19.5,4,17.5,35.0,605
jwexunmb,0,5cc5af95ce735c0017908790,1,1,2.5,0,1,10,1768,2738,17.5,42.5,5,17.5,35.0,620
jwexunmb,0,6083f1a1c244e05d9105bae6,2,1,1.5,0,0,3,10230,5811,14.5,29.5,5,7.5,15.0,627
jwexunmb,0,60957475f7b6d2a2ec5c60a3,3,2,1.5,0,1,10,7535,21926,16.25,31.0,5,16.25,32.5,617
jwexunmb,0,5fae68d5b74c182cacbe5d6a,4,2,2.5,0,0,5,4016,5839,13.75,32.5,5,8.75,17.5,623
jwexunmb,0,5f6e4795536d16361a5119b5,5,2,1.5,0,0,8,9119,18199,14.75,26.5,5,12.75,25.5,628
jwexunmb,0,5f2448855226b0000a8129e1,6,1,2.5,1,1,10,2175,7554,25.0,50.0,5,25.0,50.0,622
jwexunmb,0,5d0aa9aa5047d20018b8490d,7,2,1.5,0,0,3,2658,4508,16.75,31.0,5,9.75,19.5,630
jwexunmb,0,602fb33786b077cdbad2d5bb,8,1,2.5,0,1,10,7988,8685,16.25,40.5,5,16.25,32.5,621
jwexunmb,0,5cb6d6608f7ee10016e5abd7,9,1,2.5,1,1,10,5098,3534,18.5,42.25,5,18.5,37.0,616
jwexunmb,0,5cd1bdedf2156c00013b0152,10,2,1.5,1,1,10,3143,9588,10.0,22.0,5,10.0,20.0,615
jwexunmb,0,5f89cbc45b38f5016101011c,11,2,1.5,1,1,7,5700,7419,9.75,25.75,5,6.75,13.5,626
jwexunmb,0,60147ed73045234d08a3a35d,12,1,2.5,0,1,10,1344,2692,20.0,39.5,5,20.0,40.0,614
jwexunmb,0,601d8755bc36890e34c83999,13,2,2.5,1,1,3,5934,22173,23.25,39.0,5,16.25,32.5,621
jwexunmb,0,5f5159f9e0375838294da699,14,2,1.5,1,1,10,2054,2375,20.0,37.5,5,20.0,40.0,614
jwexunmb,0,5ffc3db4e2e31f000895b073,15,1,1.5,0,1,2,1573,17976,14.75,34.75,5,6.75,13.5,626
jwexunmb,0,5f9c236b484eba05eef4145e,16,2,1.5,0,0,7,4291,7027,14.5,27.75,5,11.5,23.0,618
jwexunmb,0,5e2f448d3d8aa150310b677b,17,2,2.5,0,1,10,3806,6271,25.0,46.25,5,25.0,50.0,622
jwexunmb,0,606389edd44e23139eeecd82,18,1,1.5,1,1,5,5884,7328,13.25,27.25,5,8.25,16.5,629
jwexunmb,0,5c2fcd716ea6880001dc8e3d,19,1,2.5,0,0,4,2928,3262,17.25,33.25,5,11.25,22.5,624
jwexunmb,0,5ca52d313d3ff5001589059c,20,2,1.5,1,1,8,2771,2852,20.5,35.25,5,18.5,37.0,616
jwexunmb,0,605d06581b5591e8199036b5,21,1,2.5,0,0,4,2997,4169,17.0,38.5,5,11.0,22.0,613
jwexunmb,0,5e1b8f81651b723bf3ce7795,22,1,2.5,0,0,2,15331,13166,16.75,38.0,5,8.75,17.5,623
jwexunmb,0,5f131d8417ab1e03a958b349,23,2,1.5,1,1,6,3670,3309,12.25,25.5,5,8.25,16.5,629
jwexunmb,0,60a0dfc6f9936b0d30dfea15,24,2,2.5,0,0,5,3280,7899,16.25,30.0,5,11.25,22.5,624
jwexunmb,0,607b2df4eb8c8a82dd2ce8b8,25,1,1.5,0,0,10,6053,7373,14.25,29.0,5,14.25,28.5,625
jwexunmb,0,60a153e67025247950c7ee24,26,1,2.5,0,0,7,2859,8252,19.25,31.5,5,16.25,32.5,617
jwexunmb,0,5f0633361308dd16f7f4039c,27,2,1.5,0,0,7,3749,11943,10.5,22.75,5,7.5,15.0,627
jwexunmb,0,5e9dd814910d621387801b01,28,2,1.5,0,1,8,4196,5701,13.0,27.0,5,11.0,22.0,613
jwexunmb,0,5e19152c6b55081d6760e512,29,2,2.5,0,1,1,4793,8952,20.25,35.25,5,11.25,22.5,619
jwexunmb,0,5dc4bc30569be3387eb6b52f,30,2,1.5,0,1,9,1264,3472,15.25,29.25,5,14.25,28.5,625
jwexunmb,0,603eafab982298f40bfe9120,31,1,2.5,1,1,2,2509,5589,18.0,31.25,5,10.0,20.0,615
jwexunmb,0,5f3bf76b70b2305d2e676bc8,32,1,1.5,0,0,10,13667,9921,9.75,21.5,5,9.75,19.5,630
jwexunmb,0,5e7d2f16e863ba0d96dc610f,33,1,2.5,1,1,5,2565,4251,16.5,33.25,5,11.5,23.0,618
jwexunmb,0,5f06eefaf3fc742667b4e79d,34,1,1.5,0,0,9,6372,8643,13.75,25.75,5,12.75,25.5,628
jwexunmb,0,607cbdea57addf71b2890592,35,2,2.5,0,1,4,7172,6037,23.5,39.75,5,17.5,35.0,620
jwexunmb,0,5c5cad3e4ee81200018eafe2,36,1,2.5,0,0,8,2776,7441,13.25,32.75,5,11.25,22.5,619
jwexunmb,0,5cc5af95ce735c0017908790,1,1,2.5,0,1,10,2945,3103,17.75,60.25,6,17.75,35.5,632
jwexunmb,0,6083f1a1c244e05d9105bae6,2,2,1.5,0,1,4,4163,12167,17.75,47.25,6,11.75,23.5,635
jwexunmb,0,60957475f7b6d2a2ec5c60a3,3,1,1.5,0,0,5,10773,10552,14.75,45.75,6,9.75,19.5,648
jwexunmb,0,5fae68d5b74c182cacbe5d6a,4,1,2.5,1,1,10,11557,5946,20.0,52.5,6,20.0,40.0,633
jwexunmb,0,5f6e4795536d16361a5119b5,5,1,1.5,1,1,10,26166,3224,15.0,41.5,6,15.0,30.0,644
jwexunmb,0,5f2448855226b0000a8129e1,6,1,2.5,0,1,10,1297,7969,21.25,71.25,6,21.25,42.5,637
jwexunmb,0,5d0aa9aa5047d20018b8490d,7,2,1.5,0,0,4,22701,4754,13.5,44.5,6,7.5,15.0,643
jwexunmb,0,602fb33786b077cdbad2d5bb,8,1,2.5,1,1,7,5426,7175,14.75,55.25,6,11.75,23.5,635
jwexunmb,0,5cb6d6608f7ee10016e5abd7,9,1,2.5,1,1,10,5229,5343,18.5,60.75,6,18.5,37.0,631
jwexunmb,0,5cd1bdedf2156c00013b0152,10,2,1.5,0,0,3,5102,3459,14.25,36.25,6,7.25,14.5,634
jwexunmb,0,5f89cbc45b38f5016101011c,11,1,1.5,0,1,5,3646,5409,10.25,36.0,6,5.25,10.5,646
jwexunmb,0,60147ed73045234d08a3a35d,12,1,2.5,0,1,10,5769,6764,18.75,58.25,6,18.75,37.5,640
jwexunmb,0,601d8755bc36890e34c83999,13,2,2.5,0,1,10,7534,8899,25.0,64.0,6,25.0,50.0,639
jwexunmb,0,5f5159f9e0375838294da699,14,2,1.5,1,1,10,1249,3868,20.0,57.5,6,20.0,40.0,633
jwexunmb,0,5ffc3db4e2e31f000895b073,15,2,1.5,1,1,2,10388,11653,13.25,48.0,6,5.25,10.5,646
jwexunmb,0,5f9c236b484eba05eef4145e,16,1,1.5,0,1,6,10825,8935,11.5,39.25,6,7.5,15.0,643
jwexunmb,0,5e2f448d3d8aa150310b677b,17,1,2.5,1,1,10,4841,4254,25.0,71.25,6,25.0,50.0,639
jwexunmb,0,606389edd44e23139eeecd82,18,2,1.5,1,1,3,8661,13927,15.25,42.5,6,8.25,16.5,645
jwexunmb,0,5c2fcd716ea6880001dc8e3d,19,1,2.5,0,1,10,1636,2947,18.75,52.0,6,18.75,37.5,638
jwexunmb,0,5ca52d313d3ff5001589059c,20,2,1.5,1,1,7,2281,4963,20.75,56.0,6,17.75,35.5,632
jwexunmb,0,605d06581b5591e8199036b5,21,2,2.5,0,0,5,4037,3115,23.75,62.25,6,18.75,37.5,640
jwexunmb,0,5e1b8f81651b723bf3ce7795,22,2,2.5,0,0,10,11728,11071,25.0,63.0,6,25.0,50.0,641
jwexunmb,0,5f131d8417ab1e03a958b349,23,2,1.5,0,0,1,3866,2646,13.5,39.0,6,4.5,9.0,636
jwexunmb,0,60a0dfc6f9936b0d30dfea15,24,1,2.5,0,0,6,3350,4515,21.5,51.5,6,17.5,35.0,642
jwexunmb,0,607b2df4eb8c8a82dd2ce8b8,25,2,1.5,0,1,10,6193,4682,12.75,41.75,6,12.75,25.5,647
jwexunmb,0,60a153e67025247950c7ee24,26,1,2.5,1,1,10,2479,5058,25.0,56.5,6,25.0,50.0,641
jwexunmb,0,5f0633361308dd16f7f4039c,27,2,1.5,1,1,8,8118,8796,20.5,43.25,6,18.5,37.0,631
jwexunmb,0,5e9dd814910d621387801b01,28,1,1.5,0,0,7,7189,4572,15.75,42.75,6,12.75,25.5,647
jwexunmb,0,5e19152c6b55081d6760e512,29,2,2.5,1,1,5,2765,3726,23.75,59.0,6,18.75,37.5,638
jwexunmb,0,5dc4bc30569be3387eb6b52f,30,2,1.5,0,1,10,1718,2106,15.0,44.25,6,15.0,30.0,644
jwexunmb,0,603eafab982298f40bfe9120,31,1,2.5,0,1,4,1876,5572,13.25,44.5,6,7.25,14.5,634
jwexunmb,0,5f3bf76b70b2305d2e676bc8,32,2,1.5,0,1,8,3929,4756,11.75,33.25,6,9.75,19.5,648
jwexunmb,0,5e7d2f16e863ba0d96dc610f,33,2,2.5,1,1,7,2092,9483,24.25,57.5,6,21.25,42.5,637
jwexunmb,0,5f06eefaf3fc742667b4e79d,34,1,1.5,0,1,8,5420,9719,10.25,36.0,6,8.25,16.5,645
jwexunmb,0,607cbdea57addf71b2890592,35,1,2.5,0,0,3,6310,6338,11.5,51.25,6,4.5,9.0,636
jwexunmb,0,5c5cad3e4ee81200018eafe2,36,2,2.5,0,0,8,5024,10699,19.5,52.25,6,17.5,35.0,642
jwexunmb,0,5cc5af95ce735c0017908790,1,1,2.5,1,1,10,1809,3292,21.25,81.5,7,21.25,42.5,657
jwexunmb,0,6083f1a1c244e05d9105bae6,2,1,1.5,0,0,3,4633,5262,15.25,62.5,7,8.25,16.5,663
jwexunmb,0,60957475f7b6d2a2ec5c60a3,3,1,1.5,0,1,10,9852,11166,15.0,60.75,7,15.0,30.0,662
jwexunmb,0,5fae68d5b74c182cacbe5d6a,4,2,2.5,0,1,8,4770,6755,20.75,73.25,7,18.75,37.5,655
jwexunmb,0,5f6e4795536d16361a5119b5,5,2,1.5,0,0,10,6530,18972,20.0,61.5,7,20.0,40.0,650
jwexunmb,0,5f2448855226b0000a8129e1,6,1,2.5,0,1,10,2432,5017,23.75,95.0,7,23.75,47.5,660
jwexunmb,0,5d0aa9aa5047d20018b8490d,7,1,1.5,0,0,4,3448,6325,15.0,59.5,7,9.0,18.0,665
jwexunmb,0,602fb33786b077cdbad2d5bb,8,2,2.5,0,0,3,2536,8014,14.5,69.75,7,7.5,15.0,656
jwexunmb,0,5cb6d6608f7ee10016e5abd7,9,1,2.5,0,0,10,8246,3989,22.5,83.25,7,22.5,45.0,658
jwexunmb,0,5cd1bdedf2156c00013b0152,10,1,1.5,0,0,5,3331,7817,11.0,47.25,7,6.0,12.0,664
jwexunmb,0,5f89cbc45b38f5016101011c,11,2,1.5,0,1,6,6799,6905,18.5,54.5,7,14.5,29.0,654
jwexunmb,0,60147ed73045234d08a3a35d,12,1,2.5,1,1,7,1636,9283,18.0,76.25,7,15.0,30.0,659
jwexunmb,0,601d8755bc36890e34c83999,13,1,2.5,0,1,8,11500,13691,16.5,80.5,7,14.5,29.0,654
jwexunmb,0,5f5159f9e0375838294da699,14,2,1.5,0,1,10,1745,2645,15.0,72.5,7,15.0,30.0,649
jwexunmb,0,5ffc3db4e2e31f000895b073,15,2,1.5,1,1,2,9433,7680,17.0,65.0,7,9.0,18.0,666
jwexunmb,0,5f9c236b484eba05eef4145e,16,2,1.5,1,1,7,7819,10444,8.25,47.5,7,5.25,10.5,652
jwexunmb,0,5e2f448d3d8aa150310b677b,17,1,2.5,0,1,10,3871,4819,16.25,87.5,7,16.25,32.5,651
jwexunmb,0,606389edd44e23139eeecd82,18,1,1.5,0,0,8,2362,4515,15.5,58.0,7,13.5,27.0,661
jwexunmb,0,5c2fcd716ea6880001dc8e3d,19,2,2.5,1,1,9,2003,4942,24.75,76.75,7,23.75,47.5,660
jwexunmb,0,5ca52d313d3ff5001589059c,20,1,1.5,0,1,10,2996,5147,9.0,65.0,7,9.0,18.0,666
jwexunmb,0,605d06581b5591e8199036b5,21,1,2.5,0,1,7,3456,3824,21.75,84.0,7,18.75,37.5,655
jwexunmb,0,5e1b8f81651b723bf3ce7795,22,1,2.5,0,0,0,5110,11511,15.25,78.25,7,5.25,10.5,652
jwexunmb,0,5f131d8417ab1e03a958b349,23,2,1.5,0,0,3,2495,7550,13.0,52.0,7,6.0,12.0,664
jwexunmb,0,60a0dfc6f9936b0d30dfea15,24,1,2.5,0,0,6,4052,3522,19.0,70.5,7,15.0,30.0,649
jwexunmb,0,607b2df4eb8c8a82dd2ce8b8,25,2,1.5,0,0,10,10237,10088,20.0,61.75,7,20.0,40.0,653
jwexunmb,0,60a153e67025247950c7ee24,26,1,2.5,0,1,10,2022,5524,20.0,76.5,7,20.0,40.0,650
jwexunmb,0,5f0633361308dd16f7f4039c,27,2,1.5,0,1,5,4461,6707,21.25,64.5,7,16.25,32.5,651
jwexunmb,0,5e9dd814910d621387801b01,28,2,1.5,0,0,8,6355,4772,11.0,53.75,7,9.0,18.0,665
jwexunmb,0,5e19152c6b55081d6760e512,29,2,2.5,0,1,5,1826,15906,20.0,79.0,7,15.0,30.0,659
jwexunmb,0,5dc4bc30569be3387eb6b52f,30,2,1.5,1,1,10,1380,1868,15.0,59.25,7,15.0,30.0,662
jwexunmb,0,603eafab982298f40bfe9120,31,2,2.5,0,0,7,5156,6505,24.25,68.75,7,21.25,42.5,657
jwexunmb,0,5f3bf76b70b2305d2e676bc8,32,2,1.5,0,0,10,4522,3097,13.5,46.75,7,13.5,27.0,661
jwexunmb,0,5e7d2f16e863ba0d96dc610f,33,1,2.5,1,1,10,1585,5288,20.0,77.5,7,20.0,40.0,653
jwexunmb,0,5f06eefaf3fc742667b4e79d,34,2,1.5,1,1,8,2505,12052,10.25,46.25,7,8.25,16.5,663
jwexunmb,0,607cbdea57addf71b2890592,35,1,2.5,0,1,3,4120,5884,14.5,65.75,7,7.5,15.0,656
jwexunmb,0,5c5cad3e4ee81200018eafe2,36,2,2.5,1,1,8,3169,7949,24.5,76.75,7,22.5,45.0,658
jwexunmb,0,5cc5af95ce735c0017908790,1,1,2.5,1,1,10,1843,5186,13.25,94.75,8,13.25,26.5,669
jwexunmb,0,6083f1a1c244e05d9105bae6,2,1,1.5,0,1,1,4515,3146,17.25,79.75,8,8.25,16.5,680
jwexunmb,0,60957475f7b6d2a2ec5c60a3,3,2,1.5,1,1,10,5546,14840,12.75,73.5,8,12.75,25.5,684
jwexunmb,0,5fae68d5b74c182cacbe5d6a,4,1,2.5,0,1,10,3104,3249,22.5,95.75,8,22.5,45.0,675
jwexunmb,0,5f6e4795536d16361a5119b5,5,2,1.5,1,1,8,3059,11499,20.5,82.0,8,18.5,37.0,671
jwexunmb,0,5f2448855226b0000a8129e1,6,1,2.5,0,1,0,1980,4288,15.0,110.0,8,5.0,10.0,676
jwexunmb,0,5d0aa9aa5047d20018b8490d,7,1,1.5,0,0,4,10355,13450,12.75,72.25,8,6.75,13.5,682
jwexunmb,0,602fb33786b077cdbad2d5bb,8,1,2.5,0,0,3,2492,8171,18.25,88.0,8,11.25,22.5,668
jwexunmb,0,5cb6d6608f7ee10016e5abd7,9,1,2.5,0,1,10,2483,10700,18.5,101.75,8,18.5,37.0,671
jwexunmb,0,5cd1bdedf2156c00013b0152,10,2,1.5,0,0,5,3565,4644,11.75,59.0,8,6.75,13.5,682
jwexunmb,0,5f89cbc45b38f5016101011c,11,2,1.5,1,1,6,4440,9087,13.75,68.25,8,9.75,19.5,679
jwexunmb,0,60147ed73045234d08a3a35d,12,1,2.5,1,1,6,2446,4879,22.75,99.0,8,18.75,37.5,673
jwexunmb,0,601d8755bc36890e34c83999,13,1,2.5,0,1,10,5693,16899,20.0,100.5,8,20.0,40.0,667
jwexunmb,0,5f5159f9e0375838294da699,14,2,1.5,0,1,7,1719,4960,14.5,87.0,8,11.5,23.0,672
jwexunmb,0,5ffc3db4e2e31f000895b073,15,1,1.5,0,0,0,10903,15566,13.0,78.0,8,3.0,6.0,683
jwexunmb,0,5f9c236b484eba05eef4145e,16,2,1.5,0,0,1,10700,6368,22.25,69.75,8,13.25,26.5,669
jwexunmb,0,5e2f448d3d8aa150310b677b,17,2,2.5,1,1,9,5721,5795,19.75,107.25,8,18.75,37.5,673
jwexunmb,0,606389edd44e23139eeecd82,18,1,1.5,0,0,10,7255,2741,11.25,69.25,8,11.25,22.5,681
jwexunmb,0,5c2fcd716ea6880001dc8e3d,19,2,2.5,0,1,4,1301,3875,22.25,99.0,8,16.25,32.5,674
jwexunmb,0,5ca52d313d3ff5001589059c,20,1,1.5,0,1,7,2876,2833,12.75,77.75,8,9.75,19.5,679
jwexunmb,0,605d06581b5591e8199036b5,21,2,2.5,0,1,4,4159,4648,11.0,95.0,8,5.0,10.0,676
jwexunmb,0,5e1b8f81651b723bf3ce7795,22,1,2.5,0,0,5,14616,11727,16.5,94.75,8,11.5,23.0,672
jwexunmb,0,5f131d8417ab1e03a958b349,23,2,1.5,0,1,5,2168,8768,16.25,68.25,8,11.25,22.5,681
jwexunmb,0,60a0dfc6f9936b0d30dfea15,24,2,2.5,0,0,8,4262,4538,24.5,95.0,8,22.5,45.0,675
jwexunmb,0,607b2df4eb8c8a82dd2ce8b8,25,2,1.5,1,1,9,8757,15404,10.25,72.0,8,9.25,18.5,670
jwexunmb,0,60a153e67025247950c7ee24,26,1,2.5,0,1,9,3192,8069,17.25,93.75,8,16.25,32.5,674
jwexunmb,0,5f0633361308dd16f7f4039c,27,1,1.5,0,1,7,5478,12812,15.75,80.25,8,12.75,25.5,684
jwexunmb,0,5e9dd814910d621387801b01,28,2,1.5,0,1,4,6806,5552,9.0,62.75,8,3.0,6.0,683
jwexunmb,0,5e19152c6b55081d6760e512,29,1,2.5,1,1,5,1764,5523,21.25,100.25,8,16.25,32.5,678
jwexunmb,0,5dc4bc30569be3387eb6b52f,30,2,1.5,1,1,10,2428,2111,11.25,70.5,8,11.25,22.5,668
jwexunmb,0,603eafab982298f40bfe9120,31,2,2.5,0,0,8,2249,5472,18.25,87.0,8,16.25,32.5,678
jwexunmb,0,5f3bf76b70b2305d2e676bc8,32,2,1.5,0,0,10,6267,4719,8.25,55.0,8,8.25,16.5,680
jwexunmb,0,5e7d2f16e863ba0d96dc610f,33,1,2.5,1,1,10,1507,2497,25.0,102.5,8,25.0,50.0,677
jwexunmb,0,5f06eefaf3fc742667b4e79d,34,2,1.5,0,1,10,13077,16840,20.0,66.25,8,20.0,40.0,667
jwexunmb,0,607cbdea57addf71b2890592,35,1,2.5,0,0,2,3457,6457,17.25,83.0,8,9.25,18.5,670
jwexunmb,0,5c5cad3e4ee81200018eafe2,36,2,2.5,0,0,10,6463,8038,25.0,101.75,8,25.0,50.0,677
jwexunmb,0,5cc5af95ce735c0017908790,1,2,2.5,0,1,10,4267,11819,17.5,112.25,9,17.5,35.0,692
jwexunmb,0,6083f1a1c244e05d9105bae6,2,2,1.5,1,1,5,3486,5946,12.5,92.25,9,7.5,15.0,698
jwexunmb,0,60957475f7b6d2a2ec5c60a3,3,2,1.5,0,0,5,6825,6726,8.75,82.25,9,3.75,7.5,687
jwexunmb,0,5fae68d5b74c182cacbe5d6a,4,1,2.5,0,0,10,2906,2677,17.75,113.5,9,17.75,35.5,689
jwexunmb,0,5f6e4795536d16361a5119b5,5,2,1.5,0,0,7,999,22051,20.75,102.75,9,17.75,35.5,685
jwexunmb,0,5f2448855226b0000a8129e1,6,1,2.5,0,1,0,2635,5498,13.75,123.75,9,3.75,7.5,687
jwexunmb,0,5d0aa9aa5047d20018b8490d,7,2,1.5,0,0,4,26964,15121,15.0,87.25,9,9.0,18.0,699
jwexunmb,0,602fb33786b077cdbad2d5bb,8,1,2.5,0,1,5,2321,8260,15.75,103.75,9,10.75,21.5,688
jwexunmb,0,5cb6d6608f7ee10016e5abd7,9,1,2.5,0,0,10,8934,3831,25.0,126.75,9,25.0,50.0,693
jwexunmb,0,5cd1bdedf2156c00013b0152,10,1,1.5,0,0,0,3312,4180,17.5,76.5,9,7.5,15.0,697
jwexunmb,0,5f89cbc45b38f5016101011c,11,2,1.5,1,1,7,5747,7541,14.5,82.75,9,11.5,23.0,690
jwexunmb,0,60147ed73045234d08a3a35d,12,1,2.5,0,0,5,1990,4259,23.75,122.75,9,18.75,37.5,695
jwexunmb,0,601d8755bc36890e34c83999,13,2,2.5,1,1,10,4502,7998,18.75,119.25,9,18.75,37.5,695
jwexunmb,0,5f5159f9e0375838294da699,14,2,1.5,0,1,7,1414,2845,20.75,107.75,9,17.75,35.5,689
jwexunmb,0,5ffc3db4e2e31f000895b073,15,2,1.5,0,0,2,2988,7241,22.0,100.0,9,14.0,28.0,686
jwexunmb,0,5f9c236b484eba05eef4145e,16,2,1.5,0,0,5,11260,7058,12.5,82.25,9,7.5,15.0,701
jwexunmb,0,5e2f448d3d8aa150310b677b,17,1,2.5,0,0,10,4473,6702,22.5,129.75,9,22.5,45.0,691
jwexunmb,0,606389edd44e23139eeecd82,18,1,1.5,0,0,8,7310,4070,11.0,80.25,9,9.0,18.0,699
jwexunmb,0,5c2fcd716ea6880001dc8e3d,19,2,2.5,0,1,10,1722,2389,20.0,119.0,9,20.0,40.0,696
jwexunmb,0,5ca52d313d3ff5001589059c,20,1,1.5,1,1,5,9995,2539,12.5,90.25,9,7.5,15.0,701
jwexunmb,0,605d06581b5591e8199036b5,21,2,2.5,0,0,10,2664,4212,25.0,120.0,9,25.0,50.0,693
jwexunmb,0,5e1b8f81651b723bf3ce7795,22,2,2.5,0,0,8,11121,8030,24.5,119.25,9,22.5,45.0,691
jwexunmb,0,5f131d8417ab1e03a958b349,23,1,1.5,1,1,9,2923,4842,14.5,82.75,9,13.5,27.0,700
jwexunmb,0,60a0dfc6f9936b0d30dfea15,24,1,2.5,0,0,10,2693,7645,14.0,109.0,9,14.0,28.0,686
jwexunmb,0,607b2df4eb8c8a82dd2ce8b8,25,1,1.5,0,0,5,5800,9344,12.5,84.5,9,7.5,15.0,698
jwexunmb,0,60a153e67025247950c7ee24,26,1,2.5,0,0,5,2962,5078,16.5,110.25,9,11.5,23.0,690
jwexunmb,0,5f0633361308dd16f7f4039c,27,2,1.5,0,0,9,4099,9686,14.5,94.75,9,13.5,27.0,700
jwexunmb,0,5e9dd814910d621387801b01,28,2,1.5,1,1,5,2735,5511,14.75,77.5,9,9.75,19.5,702
jwexunmb,0,5e19152c6b55081d6760e512,29,1,2.5,1,1,4,1617,6281,23.5,123.75,9,17.5,35.0,692
jwexunmb,0,5dc4bc30569be3387eb6b52f,30,2,1.5,0,1,10,1066,2330,7.5,78.0,9,7.5,15.0,697
jwexunmb,0,603eafab982298f40bfe9120,31,1,2.5,1,1,5,1587,8674,23.75,110.75,9,18.75,37.5,694
jwexunmb,0,5f3bf76b70b2305d2e676bc8,32,1,1.5,0,0,8,4785,9248,11.75,66.75,9,9.75,19.5,702
jwexunmb,0,5e7d2f16e863ba0d96dc610f,33,1,2.5,1,1,10,1851,11824,17.75,120.25,9,17.75,35.5,685
jwexunmb,1,5f06eefaf3fc742667b4e79d,34,2,1.5,1,1,6,-1,-1,14.75,81.0,9,10.75,21.5,688
jwexunmb,0,607cbdea57addf71b2890592,35,1,2.5,0,1,6,5000,5228,24.0,107.0,9,20.0,40.0,696
jwexunmb,0,5c5cad3e4ee81200018eafe2,36,2,2.5,0,0,10,4419,7047,18.75,120.5,9,18.75,37.5,694
jwexunmb,0,5cc5af95ce735c0017908790,1,1,2.5,0,1,10,1583,4052,23.75,136.0,10,23.75,47.5,709
jwexunmb,0,6083f1a1c244e05d9105bae6,2,2,1.5,0,0,4,1840,6989,17.75,110.0,10,11.75,23.5,705
jwexunmb,0,60957475f7b6d2a2ec5c60a3,3,2,1.5,0,1,0,16500,8246,20.0,102.25,10,10.0,20.0,707
jwexunmb,0,5fae68d5b74c182cacbe5d6a,4,1,2.5,0,0,10,1864,4333,21.25,134.75,10,21.25,42.5,711
jwexunmb,0,5f6e4795536d16361a5119b5,5,2,1.5,0,0,3,2493,6006,21.75,124.5,10,14.75,29.5,704
jwexunmb,0,5f2448855226b0000a8129e1,6,1,2.5,1,1,10,1766,2828,21.25,145.0,10,21.25,42.5,712
jwexunmb,0,5d0aa9aa5047d20018b8490d,7,1,1.5,0,0,5,3044,5073,14.0,101.25,10,9.0,18.0,720
jwexunmb,0,602fb33786b077cdbad2d5bb,8,2,2.5,1,1,7,1838,4337,24.25,128.0,10,21.25,42.5,711
jwexunmb,0,5cb6d6608f7ee10016e5abd7,9,1,2.5,0,0,10,5099,3811,14.75,141.5,10,14.75,29.5,704
jwexunmb,0,5cd1bdedf2156c00013b0152,10,2,1.5,1,1,3,7048,3523,13.0,89.5,10,6.0,12.0,718
jwexunmb,0,5f89cbc45b38f5016101011c,11,1,1.5,0,1,5,6406,7361,11.0,93.75,10,6.0,12.0,718
jwexunmb,0,60147ed73045234d08a3a35d,12,2,2.5,0,1,7,2669,7953,24.25,147.0,10,21.25,42.5,712
jwexunmb,0,601d8755bc36890e34c83999,13,1,2.5,0,1,8,4178,17831,12.0,131.25,10,10.0,20.0,707
jwexunmb,0,5f5159f9e0375838294da699,14,2,1.5,0,0,10,1902,3457,13.5,121.25,10,13.5,27.0,719
jwexunmb,0,5ffc3db4e2e31f000895b073,15,1,1.5,0,0,2,4828,4440,10.25,110.25,10,2.25,4.5,715
jwexunmb,0,5f9c236b484eba05eef4145e,16,2,1.5,1,1,4,13742,6981,21.5,103.75,10,15.5,31.0,708
jwexunmb,0,5e2f448d3d8aa150310b677b,17,2,2.5,0,1,10,3282,6751,16.25,146.0,10,16.25,32.5,713
jwexunmb,0,606389edd44e23139eeecd82,18,1,1.5,1,1,10,3886,4471,12.75,93.0,10,12.75,25.5,716
jwexunmb,0,5c2fcd716ea6880001dc8e3d,19,2,2.5,0,0,9,1949,2709,24.75,143.75,10,23.75,47.5,709
jwexunmb,0,5ca52d313d3ff5001589059c,20,2,1.5,1,1,7,2276,9722,12.0,102.25,10,9.0,18.0,720
jwexunmb,0,605d06581b5591e8199036b5,21,1,2.5,0,0,7,3111,2713,14.75,134.75,10,11.75,23.5,705
jwexunmb,0,5e1b8f81651b723bf3ce7795,22,2,2.5,0,0,10,7182,9297,25.0,144.25,10,25.0,50.0,710
jwexunmb,0,5f131d8417ab1e03a958b349,23,2,1.5,0,0,1,3570,4490,11.25,94.0,10,2.25,4.5,715
jwexunmb,0,60a0dfc6f9936b0d30dfea15,24,2,2.5,0,1,7,3591,7066,21.75,130.75,10,18.75,37.5,714
jwexunmb,0,607b2df4eb8c8a82dd2ce8b8,25,2,1.5,1,1,7,7478,6443,20.75,105.25,10,17.75,35.5,703
jwexunmb,0,60a153e67025247950c7ee24,26,1,2.5,1,1,10,2260,6698,15.5,125.75,10,15.5,31.0,708
jwexunmb,0,5f0633361308dd16f7f4039c,27,2,1.5,0,1,6,3430,7280,16.0,110.75,10,12.0,24.0,717
jwexunmb,0,5e9dd814910d621387801b01,28,1,1.5,1,1,8,4730,3945,15.5,93.0,10,13.5,27.0,719
jwexunmb,0,5e19152c6b55081d6760e512,29,1,2.5,1,1,10,2090,5505,18.5,142.25,10,18.5,37.0,706
jwexunmb,0,5dc4bc30569be3387eb6b52f,30,2,1.5,1,1,8,3118,4679,20.5,98.5,10,18.5,37.0,706
jwexunmb,0,603eafab982298f40bfe9120,31,1,2.5,0,1,10,3905,6130,17.75,128.5,10,17.75,35.5,703
jwexunmb,0,5f3bf76b70b2305d2e676bc8,32,1,1.5,0,1,10,2105,3912,12.0,78.75,10,12.0,24.0,717
jwexunmb,0,5e7d2f16e863ba0d96dc610f,33,1,2.5,1,1,10,3750,4564,25.0,145.25,10,25.0,50.0,710
jwexunmb,1,5f06eefaf3fc742667b4e79d,34,2,1.5,1,1,7,-1,-1,15.75,96.75,10,12.75,25.5,716
jwexunmb,0,607cbdea57addf71b2890592,35,1,2.5,1,1,3,3121,9882,23.25,130.25,10,16.25,32.5,713
jwexunmb,0,5c5cad3e4ee81200018eafe2,36,1,2.5,0,1,8,3236,9831,20.75,141.25,10,18.75,37.5,714
jwexunmb,0,5cc5af95ce735c0017908790,1,2,2.5,1,1,10,1634,8354,25.0,161.0,11,25.0,50.0,729
jwexunmb,0,6083f1a1c244e05d9105bae6,2,2,1.5,1,1,3,3960,5823,13.0,123.0,11,6.0,12.0,725
jwexunmb,0,60957475f7b6d2a2ec5c60a3,3,2,1.5,1,1,7,7714,7646,13.5,115.75,11,10.5,21.0,733
jwexunmb,0,5fae68d5b74c182cacbe5d6a,4,1,2.5,0,0,10,2817,4096,21.25,156.0,11,21.25,42.5,730
jwexunmb,0,5f6e4795536d16361a5119b5,5,1,1.5,0,0,10,1787,4664,12.0,136.5,11,12.0,24.0,738
jwexunmb,0,5f2448855226b0000a8129e1,6,2,2.5,0,1,10,2778,6218,18.75,163.75,11,18.75,37.5,727
jwexunmb,0,5d0aa9aa5047d20018b8490d,7,2,1.5,0,0,6,2607,8963,18.5,119.75,11,14.5,29.0,724
jwexunmb,0,602fb33786b077cdbad2d5bb,8,1,2.5,1,1,8,2605,2816,22.0,150.0,11,20.0,40.0,728
jwexunmb,0,5cb6d6608f7ee10016e5abd7,9,2,2.5,1,1,10,5156,4442,25.0,166.5,11,25.0,50.0,731
jwexunmb,0,5cd1bdedf2156c00013b0152,10,2,1.5,0,0,5,16756,5211,21.25,110.75,11,16.25,32.5,726
jwexunmb,0,5f89cbc45b38f5016101011c,11,2,1.5,0,1,5,5463,8980,14.75,108.5,11,9.75,19.5,737
jwexunmb,0,60147ed73045234d08a3a35d,12,1,2.5,1,1,6,1454,9295,15.25,162.25,11,11.25,22.5,721
jwexunmb,0,601d8755bc36890e34c83999,13,1,2.5,1,1,10,13678,5932,25.0,156.25,11,25.0,50.0,731
jwexunmb,0,5f5159f9e0375838294da699,14,2,1.5,0,0,10,5586,2832,11.25,132.5,11,11.25,22.5,736
jwexunmb,0,5ffc3db4e2e31f000895b073,15,2,1.5,0,0,2,7060,9353,17.0,127.25,11,9.0,18.0,734
jwexunmb,0,5f9c236b484eba05eef4145e,16,2,1.5,0,0,6,13060,5902,16.0,119.75,11,12.0,24.0,738
jwexunmb,0,5e2f448d3d8aa150310b677b,17,1,2.5,1,1,10,3495,6418,16.25,162.25,11,16.25,32.5,726
jwexunmb,0,606389edd44e23139eeecd82,18,2,1.5,0,1,8,4335,6104,18.0,111.0,11,16.0,32.0,722
jwexunmb,0,5c2fcd716ea6880001dc8e3d,19,2,2.5,0,1,10,1402,2664,23.75,167.5,11,23.75,47.5,732
jwexunmb,0,5ca52d313d3ff5001589059c,20,1,1.5,1,1,5,2601,5791,16.25,118.5,11,11.25,22.5,736
jwexunmb,0,605d06581b5591e8199036b5,21,1,2.5,0,1,9,2722,3003,24.75,159.5,11,23.75,47.5,732
jwexunmb,0,5e1b8f81651b723bf3ce7795,22,1,2.5,1,1,5,2630,8489,23.75,168.0,11,18.75,37.5,727
jwexunmb,0,5f131d8417ab1e03a958b349,23,1,1.5,0,0,4,2621,2199,12.75,106.75,11,6.75,13.5,735
jwexunmb,0,60a0dfc6f9936b0d30dfea15,24,1,2.5,0,0,8,3731,5080,18.0,148.75,11,16.0,32.0,722
jwexunmb,0,607b2df4eb8c8a82dd2ce8b8,25,2,1.5,0,0,5,19304,6063,16.25,121.5,11,11.25,22.5,721
jwexunmb,0,60a153e67025247950c7ee24,26,2,2.5,0,0,8,3154,6523,22.0,147.75,11,20.0,40.0,728
jwexunmb,0,5f0633361308dd16f7f4039c,27,2,1.5,0,1,5,3955,7420,11.75,122.5,11,6.75,13.5,735
jwexunmb,0,5e9dd814910d621387801b01,28,1,1.5,0,1,8,1403,4094,11.75,104.75,11,9.75,19.5,737
jwexunmb,0,5e19152c6b55081d6760e512,29,1,2.5,1,1,3,2019,4269,18.25,160.5,11,11.25,22.5,723
jwexunmb,0,5dc4bc30569be3387eb6b52f,30,2,1.5,0,1,10,1417,2907,11.25,109.75,11,11.25,22.5,723
jwexunmb,0,603eafab982298f40bfe9120,31,1,2.5,0,0,3,3747,7525,13.0,141.5,11,6.0,12.0,725
jwexunmb,0,5f3bf76b70b2305d2e676bc8,32,1,1.5,0,1,10,1832,4785,9.0,87.75,11,9.0,18.0,734
jwexunmb,0,5e7d2f16e863ba0d96dc610f,33,1,2.5,1,1,10,1537,2972,25.0,170.25,11,25.0,50.0,729
jwexunmb,1,5f06eefaf3fc742667b4e79d,34,1,1.5,0,1,7,-1,-1,13.5,110.25,11,10.5,21.0,733
jwexunmb,0,607cbdea57addf71b2890592,35,2,2.5,1,1,7,2540,4078,24.25,154.5,11,21.25,42.5,730
jwexunmb,0,5c5cad3e4ee81200018eafe2,36,1,2.5,1,1,8,4775,9521,16.5,157.75,11,14.5,29.0,724
jwexunmb,1,5cc5af95ce735c0017908790,1,2,2.5,1,1,10,1301,5198,25.0,186.0,12,25.0,50.0,747
jwexunmb,1,6083f1a1c244e05d9105bae6,2,2,1.5,1,1,7,4794,-1,20.75,143.75,12,17.75,35.5,744
jwexunmb,1,60957475f7b6d2a2ec5c60a3,3,1,1.5,0,0,10,9621,5747,15.0,130.75,12,15.0,30.0,756
jwexunmb,1,5fae68d5b74c182cacbe5d6a,4,1,2.5,0,0,10,2378,3021,15.5,171.5,12,15.5,31.0,742
jwexunmb,1,5f6e4795536d16361a5119b5,5,1,1.5,1,1,7,-1,-1,11.25,147.75,12,8.25,16.5,751
jwexunmb,0,5f2448855226b0000a8129e1,6,1,2.5,1,1,10,2182,12866,25.0,188.75,12,25.0,50.0,747
jwexunmb,0,5d0aa9aa5047d20018b8490d,7,2,1.5,0,0,6,1998,26606,13.5,133.25,12,9.5,19.0,739
jwexunmb,1,602fb33786b077cdbad2d5bb,8,1,2.5,1,1,8,1579,2526,17.25,167.25,12,15.25,30.5,741
jwexunmb,1,5cb6d6608f7ee10016e5abd7,9,1,2.5,0,1,10,4118,11974,17.75,184.25,12,17.75,35.5,744
jwexunmb,1,5cd1bdedf2156c00013b0152,10,2,1.5,0,0,4,3880,6148,14.25,125.0,12,8.25,16.5,751
jwexunmb,1,5f89cbc45b38f5016101011c,11,2,1.5,0,1,7,4005,8539,15.75,124.25,12,12.75,25.5,752
jwexunmb,0,60147ed73045234d08a3a35d,12,2,2.5,1,1,5,6245,10131,21.25,183.5,12,16.25,32.5,750
jwexunmb,1,601d8755bc36890e34c83999,13,2,2.5,1,1,10,3435,3933,25.0,181.25,12,25.0,50.0,749
jwexunmb,0,5f5159f9e0375838294da699,14,2,1.5,0,0,4,1762,4583,21.5,154.0,12,15.5,31.0,742
jwexunmb,1,5ffc3db4e2e31f000895b073,15,2,1.5,1,1,0,6592,6419,22.5,149.75,12,12.5,25.0,743
jwexunmb,1,5f9c236b484eba05eef4145e,16,2,1.5,0,0,3,9856,3892,16.75,136.5,12,9.75,19.5,753
jwexunmb,0,5e2f448d3d8aa150310b677b,17,2,2.5,0,1,10,2204,3085,17.5,179.75,12,17.5,35.0,745
jwexunmb,1,606389edd44e23139eeecd82,18,2,1.5,0,0,10,3773,4145,15.0,126.0,12,15.0,30.0,756
jwexunmb,1,5c2fcd716ea6880001dc8e3d,19,1,2.5,0,1,3,1466,4062,17.0,184.5,12,10.0,20.0,746
jwexunmb,1,5ca52d313d3ff5001589059c,20,1,1.5,1,1,7,1946,4293,15.0,133.5,12,12.0,24.0,755
jwexunmb,1,605d06581b5591e8199036b5,21,1,2.5,0,0,5,3921,5763,13.5,173.0,12,8.5,17.0,740
jwexunmb,1,5e1b8f81651b723bf3ce7795,22,2,2.5,1,1,5,6925,4334,15.0,183.0,12,10.0,20.0,746
jwexunmb,0,5f131d8417ab1e03a958b349,23,2,1.5,1,1,3,5200,5621,15.5,122.25,12,8.5,17.0,740
jwexunmb,0,60a0dfc6f9936b0d30dfea15,24,1,2.5,0,0,8,7805,9803,18.25,167.0,12,16.25,32.5,750
jwexunmb,1,607b2df4eb8c8a82dd2ce8b8,25,1,1.5,1,1,10,6966,4106,12.75,134.25,12,12.75,25.5,752
jwexunmb,0,60a153e67025247950c7ee24,26,1,2.5,1,1,10,2838,7549,12.5,160.25,12,12.5,25.0,743
jwexunmb,1,5f0633361308dd16f7f4039c,27,2,1.5,0,0,9,3908,5968,13.0,135.5,12,12.0,24.0,755
jwexunmb,1,5e9dd814910d621387801b01,28,2,1.5,0,1,8,2849,3792,14.0,118.75,12,12.0,24.0,754
jwexunmb,1,5e19152c6b55081d6760e512,29,1,2.5,1,1,4,2145,9536,15.5,176.0,12,9.5,19.0,739
jwexunmb,1,5dc4bc30569be3387eb6b52f,30,1,1.5,0,1,8,1061,1498,14.0,123.75,12,12.0,24.0,754
jwexunmb,1,603eafab982298f40bfe9120,31,1,2.5,1,1,4,4840,10038,23.5,165.0,12,17.5,35.0,745
jwexunmb,1,5f3bf76b70b2305d2e676bc8,32,1,1.5,0,1,10,1286,6051,9.75,97.5,12,9.75,19.5,753
jwexunmb,1,5e7d2f16e863ba0d96dc610f,33,2,2.5,0,1,5,1346,6701,23.75,194.0,12,18.75,37.5,748
jwexunmb,1,5f06eefaf3fc742667b4e79d,34,2,1.5,0,1,7,-1,-1,18.25,128.5,12,15.25,30.5,741
jwexunmb,1,607cbdea57addf71b2890592,35,1,2.5,1,1,10,2010,4097,25.0,179.5,12,25.0,50.0,749
jwexunmb,1,5c5cad3e4ee81200018eafe2,36,1,2.5,0,0,10,2953,8611,18.75,176.5,12,18.75,37.5,748
jwexunmb,0,5cc5af95ce735c0017908790,1,2,2.5,0,1,10,2238,3223,18.75,204.75,13,18.75,37.5,766
jwexunmb,1,6083f1a1c244e05d9105bae6,2,1,1.5,1,1,7,-1,-1,15.0,158.75,13,12.0,24.0,770
jwexunmb,0,60957475f7b6d2a2ec5c60a3,3,2,1.5,0,0,7,5816,11740,13.5,144.25,13,10.5,21.0,774
jwexunmb,0,5fae68d5b74c182cacbe5d6a,4,1,2.5,0,0,10,2925,4342,17.5,189.0,13,17.5,35.0,765
jwexunmb,1,5f6e4795536d16361a5119b5,5,2,1.5,0,1,7,-1,-1,9.75,157.5,13,6.75,13.5,769
jwexunmb,0,5f2448855226b0000a8129e1,6,2,2.5,0,1,0,1773,4216,18.75,207.5,13,8.75,17.5,768
jwexunmb,1,5d0aa9aa5047d20018b8490d,7,2,1.5,1,1,7,-1,-1,12.75,146.0,13,9.75,19.5,772
jwexunmb,0,602fb33786b077cdbad2d5bb,8,1,2.5,0,1,7,1961,3939,11.75,179.0,13,8.75,17.5,768
jwexunmb,0,5cb6d6608f7ee10016e5abd7,9,1,2.5,0,0,10,4544,6635,17.0,201.25,13,17.0,34.0,758
jwexunmb,0,5cd1bdedf2156c00013b0152,10,2,1.5,0,1,8,2591,5542,11.75,136.75,13,9.75,19.5,759
jwexunmb,0,5f89cbc45b38f5016101011c,11,2,1.5,0,1,6,5227,9135,21.0,145.25,13,17.0,34.0,758
jwexunmb,0,60147ed73045234d08a3a35d,12,2,2.5,1,1,4,1540,13721,23.5,207.0,13,17.5,35.0,765
jwexunmb,0,601d8755bc36890e34c83999,13,1,2.5,0,1,10,1828,7401,22.5,203.75,13,22.5,45.0,767
jwexunmb,0,5f5159f9e0375838294da699,14,2,1.5,1,1,8,2638,2336,20.5,174.5,13,18.5,37.0,761
jwexunmb,0,5ffc3db4e2e31f000895b073,15,1,1.5,0,1,2,6302,7720,14.75,164.5,13,6.75,13.5,769
jwexunmb,0,5f9c236b484eba05eef4145e,16,1,1.5,0,0,6,6653,7044,13.75,150.25,13,9.75,19.5,772
jwexunmb,0,5e2f448d3d8aa150310b677b,17,1,2.5,0,1,5,3176,3046,23.75,203.5,13,18.75,37.5,766
jwexunmb,0,606389edd44e23139eeecd82,18,2,1.5,0,0,10,2265,3174,10.5,136.5,13,10.5,21.0,773
jwexunmb,0,5c2fcd716ea6880001dc8e3d,19,1,2.5,1,1,10,1336,2899,18.5,203.0,13,18.5,37.0,761
jwexunmb,0,5ca52d313d3ff5001589059c,20,2,1.5,1,1,8,1574,2893,18.0,151.5,13,16.0,32.0,757
jwexunmb,0,605d06581b5591e8199036b5,21,2,2.5,1,1,8,2346,4636,19.5,192.5,13,17.5,35.0,764
jwexunmb,0,5e1b8f81651b723bf3ce7795,22,1,2.5,0,1,10,3201,7543,20.0,203.0,13,20.0,40.0,760
jwexunmb,0,5f131d8417ab1e03a958b349,23,1,1.5,0,0,4,1768,5551,16.5,138.75,13,10.5,21.0,773
jwexunmb,0,60a0dfc6f9936b0d30dfea15,24,1,2.5,0,0,6,6060,6676,21.5,188.5,13,17.5,35.0,764
jwexunmb,0,607b2df4eb8c8a82dd2ce8b8,25,1,1.5,0,1,10,4638,5418,13.5,147.75,13,13.5,27.0,771
jwexunmb,0,60a153e67025247950c7ee24,26,2,2.5,1,1,8,4082,5677,24.5,184.75,13,22.5,45.0,767
jwexunmb,0,5f0633361308dd16f7f4039c,27,2,1.5,1,1,9,3119,8579,13.0,148.5,13,12.0,24.0,770
jwexunmb,0,5e9dd814910d621387801b01,28,2,1.5,1,1,9,4605,6446,20.25,139.0,13,19.25,38.5,762
jwexunmb,0,5e19152c6b55081d6760e512,29,1,2.5,0,1,10,1321,10412,21.25,197.25,13,21.25,42.5,763
jwexunmb,0,5dc4bc30569be3387eb6b52f,30,2,1.5,1,1,8,1876,2056,15.5,139.25,13,13.5,27.0,771
jwexunmb,0,603eafab982298f40bfe9120,31,1,2.5,1,1,3,2805,6456,16.75,181.75,13,9.75,19.5,759
jwexunmb,0,5f3bf76b70b2305d2e676bc8,32,2,1.5,0,1,10,5278,5615,20.0,117.5,13,20.0,40.0,760
jwexunmb,0,5e7d2f16e863ba0d96dc610f,33,1,2.5,1,1,10,2087,5859,19.25,213.25,13,19.25,38.5,762
jwexunmb,1,5f06eefaf3fc742667b4e79d,34,1,1.5,1,1,7,-1,-1,13.5,142.0,13,10.5,21.0,774
jwexunmb,0,607cbdea57addf71b2890592,35,2,2.5,1,1,7,3708,6236,24.25,203.75,13,21.25,42.5,763
jwexunmb,0,5c5cad3e4ee81200018eafe2,36,1,2.5,0,0,8,4364,7992,18.0,194.5,13,16.0,32.0,757
jwexunmb,0,5cc5af95ce735c0017908790,1,2,2.5,0,1,10,1283,3828,25.0,229.75,14,25.0,50.0,783
jwexunmb,1,6083f1a1c244e05d9105bae6,2,2,1.5,0,0,8,-1,-1,9.5,168.25,14,7.5,15.0,787
jwexunmb,0,60957475f7b6d2a2ec5c60a3,3,2,1.5,1,1,8,5380,8312,13.25,157.5,14,11.25,22.5,792
jwexunmb,0,5fae68d5b74c182cacbe5d6a,4,2,2.5,0,0,10,1622,1530,15.0,204.0,14,15.0,30.0,781
jwexunmb,1,5f6e4795536d16361a5119b5,5,2,1.5,0,1,8,-1,-1,20.5,178.0,14,18.5,37.0,775
jwexunmb,0,5f2448855226b0000a8129e1,6,1,2.5,1,1,10,2784,7506,18.5,226.0,14,18.5,37.0,775
jwexunmb,1,5d0aa9aa5047d20018b8490d,7,2,1.5,0,0,8,-1,-1,15.5,161.5,14,13.5,27.0,790
jwexunmb,0,602fb33786b077cdbad2d5bb,8,1,2.5,0,1,2,1394,5617,23.0,202.0,14,15.0,30.0,781
jwexunmb,0,5cb6d6608f7ee10016e5abd7,9,1,2.5,0,0,10,4374,8958,25.0,226.25,14,25.0,50.0,783
jwexunmb,0,5cd1bdedf2156c00013b0152,10,1,1.5,0,0,8,2786,3703,14.0,150.75,14,12.0,24.0,791
jwexunmb,0,5f89cbc45b38f5016101011c,11,1,1.5,1,1,7,3031,13766,14.25,159.5,14,11.25,22.5,792
jwexunmb,0,60147ed73045234d08a3a35d,12,1,2.5,1,1,7,2110,9736,24.25,231.25,14,21.25,42.5,784
jwexunmb,0,601d8755bc36890e34c83999,13,1,2.5,0,1,7,10068,14750,19.25,223.0,14,16.25,32.5,777
jwexunmb,0,5f5159f9e0375838294da699,14,2,1.5,0,0,8,2278,2355,19.25,193.75,14,17.25,34.5,779
jwexunmb,0,5ffc3db4e2e31f000895b073,15,1,1.5,0,1,2,8798,5528,15.5,180.0,14,7.5,15.0,787
jwexunmb,0,5f9c236b484eba05eef4145e,16,1,1.5,0,1,8,7360,11506,12.5,162.75,14,10.5,21.0,789
jwexunmb,0,5e2f448d3d8aa150310b677b,17,1,2.5,1,1,10,2048,4657,23.75,227.25,14,23.75,47.5,782
jwexunmb,0,606389edd44e23139eeecd82,18,1,1.5,0,0,10,3066,6364,13.5,150.0,14,13.5,27.0,790
jwexunmb,0,5c2fcd716ea6880001dc8e3d,19,1,2.5,0,1,9,1279,2161,18.25,221.25,14,17.25,34.5,779
jwexunmb,0,5ca52d313d3ff5001589059c,20,1,1.5,0,1,5,1442,10026,14.75,166.25,14,9.75,19.5,788
jwexunmb,0,605d06581b5591e8199036b5,21,2,2.5,0,1,9,2281,5231,24.75,217.25,14,23.75,47.5,782
jwexunmb,0,5e1b8f81651b723bf3ce7795,22,2,2.5,1,1,10,3498,23100,21.25,224.25,14,21.25,42.5,784
jwexunmb,0,5f131d8417ab1e03a958b349,23,2,1.5,0,0,10,2744,1831,16.25,155.0,14,16.25,32.5,777
jwexunmb,0,60a0dfc6f9936b0d30dfea15,24,2,2.5,0,0,8,2428,3985,24.5,213.0,14,22.5,45.0,785
jwexunmb,0,607b2df4eb8c8a82dd2ce8b8,25,2,1.5,0,0,8,3187,18195,14.0,161.75,14,12.0,24.0,791
jwexunmb,0,60a153e67025247950c7ee24,26,1,2.5,0,0,2,2663,4630,16.5,201.25,14,8.5,17.0,778
jwexunmb,0,5f0633361308dd16f7f4039c,27,2,1.5,1,1,9,3703,7621,14.0,162.5,14,13.0,26.0,780
jwexunmb,0,5e9dd814910d621387801b01,28,2,1.5,1,1,6,2912,5592,14.5,153.5,14,10.5,21.0,789
jwexunmb,0,5e19152c6b55081d6760e512,29,1,2.5,1,1,4,5743,11085,18.5,215.75,14,12.5,25.0,776
jwexunmb,0,5dc4bc30569be3387eb6b52f,30,2,1.5,1,1,8,1197,2570,10.5,149.75,14,8.5,17.0,778
jwexunmb,0,603eafab982298f40bfe9120,31,1,2.5,0,1,10,2864,6088,22.5,204.25,14,22.5,45.0,785
jwexunmb,0,5f3bf76b70b2305d2e676bc8,32,2,1.5,1,1,10,6577,3751,12.5,130.0,14,12.5,25.0,776
jwexunmb,0,5e7d2f16e863ba0d96dc610f,33,1,2.5,1,1,10,1769,2471,25.0,238.25,14,25.0,50.0,786
jwexunmb,1,5f06eefaf3fc742667b4e79d,34,2,1.5,1,1,8,-1,-1,11.75,153.75,14,9.75,19.5,788
jwexunmb,0,607cbdea57addf71b2890592,35,1,2.5,1,1,5,2836,8957,18.0,221.75,14,13.0,26.0,780
jwexunmb,0,5c5cad3e4ee81200018eafe2,36,2,2.5,0,0,10,3152,9510,25.0,219.5,14,25.0,50.0,786
jwexunmb,0,5cc5af95ce735c0017908790,1,1,2.5,1,1,10,4648,2359,23.75,253.5,15,23.75,47.5,799
jwexunmb,1,6083f1a1c244e05d9105bae6,2,2,1.5,1,1,8,-1,-1,13.25,181.5,15,11.25,22.5,807
jwexunmb,0,60957475f7b6d2a2ec5c60a3,3,2,1.5,0,1,5,4871,18302,10.0,167.5,15,5.0,10.0,793
jwexunmb,0,5fae68d5b74c182cacbe5d6a,4,2,2.5,1,1,10,3961,6158,22.5,226.5,15,22.5,45.0,800
jwexunmb,1,5f6e4795536d16361a5119b5,5,2,1.5,1,1,8,-1,-1,20.5,198.5,15,18.5,37.0,796
jwexunmb,0,5f2448855226b0000a8129e1,6,1,2.5,0,1,0,2034,8690,13.75,239.75,15,3.75,7.5,798
jwexunmb,1,5d0aa9aa5047d20018b8490d,7,1,1.5,0,1,8,-1,-1,13.25,174.75,15,11.25,22.5,808
jwexunmb,0,602fb33786b077cdbad2d5bb,8,2,2.5,0,1,5,1503,3836,21.25,223.25,15,16.25,32.5,803
jwexunmb,0,5cb6d6608f7ee10016e5abd7,9,2,2.5,0,0,10,5145,6680,12.5,238.75,15,12.5,25.0,801
jwexunmb,0,5cd1bdedf2156c00013b0152,10,2,1.5,1,1,5,4288,3678,8.75,159.5,15,3.75,7.5,798
jwexunmb,0,5f89cbc45b38f5016101011c,11,2,1.5,0,1,5,6025,12975,10.25,169.75,15,5.25,10.5,809
jwexunmb,0,60147ed73045234d08a3a35d,12,1,2.5,0,1,0,12969,7544,22.5,253.75,15,12.5,25.0,801
jwexunmb,0,601d8755bc36890e34c83999,13,1,2.5,1,1,10,4839,5634,18.5,241.5,15,18.5,37.0,795
jwexunmb,0,5f5159f9e0375838294da699,14,2,1.5,0,0,10,1851,2177,17.5,211.25,15,17.5,35.0,797
jwexunmb,0,5ffc3db4e2e31f000895b073,15,2,1.5,0,1,2,2264,10426,17.0,197.0,15,9.0,18.0,806
jwexunmb,0,5f9c236b484eba05eef4145e,16,1,1.5,0,1,7,3054,5105,14.25,177.0,15,11.25,22.5,807
jwexunmb,0,5e2f448d3d8aa150310b677b,17,1,2.5,1,1,9,2376,4788,19.75,247.0,15,18.75,37.5,794
jwexunmb,0,606389edd44e23139eeecd82,18,1,1.5,0,1,5,13597,4258,14.75,164.75,15,9.75,19.5,805
jwexunmb,0,5c2fcd716ea6880001dc8e3d,19,1,2.5,0,1,1,1466,2681,14.0,235.25,15,5.0,10.0,793
jwexunmb,0,5ca52d313d3ff5001589059c,20,2,1.5,0,1,7,2188,5792,14.25,180.5,15,11.25,22.5,808
jwexunmb,0,605d06581b5591e8199036b5,21,2,2.5,0,1,7,4440,3839,20.5,237.75,15,17.5,35.0,804
jwexunmb,0,5e1b8f81651b723bf3ce7795,22,1,2.5,0,1,8,3194,12990,24.5,248.75,15,22.5,45.0,800
jwexunmb,0,5f131d8417ab1e03a958b349,23,1,1.5,0,1,5,3683,6276,12.5,167.5,15,7.5,15.0,810
jwexunmb,0,60a0dfc6f9936b0d30dfea15,24,1,2.5,0,0,8,3776,5318,18.25,231.25,15,16.25,32.5,803
jwexunmb,0,607b2df4eb8c8a82dd2ce8b8,25,2,1.5,1,1,5,5780,8571,12.5,174.25,15,7.5,15.0,810
jwexunmb,0,60a153e67025247950c7ee24,26,1,2.5,0,1,7,2290,4706,20.5,221.75,15,17.5,35.0,804
jwexunmb,0,5f0633361308dd16f7f4039c,27,1,1.5,1,1,2,2648,3939,13.25,175.75,15,5.25,10.5,809
jwexunmb,0,5e9dd814910d621387801b01,28,2,1.5,0,1,10,2572,3684,18.75,172.25,15,18.75,37.5,794
jwexunmb,0,5e19152c6b55081d6760e512,29,2,2.5,0,1,5,5382,5404,21.25,237.0,15,16.25,32.5,802
jwexunmb,0,5dc4bc30569be3387eb6b52f,30,2,1.5,0,1,8,1854,2390,11.75,161.5,15,9.75,19.5,805
jwexunmb,0,603eafab982298f40bfe9120,31,2,2.5,0,1,9,2639,6938,24.75,229.0,15,23.75,47.5,799
jwexunmb,0,5f3bf76b70b2305d2e676bc8,32,1,1.5,1,1,10,3858,8165,9.0,139.0,15,9.0,18.0,806
jwexunmb,0,5e7d2f16e863ba0d96dc610f,33,1,2.5,0,1,10,4376,1969,18.5,256.75,15,18.5,37.0,796
jwexunmb,1,5f06eefaf3fc742667b4e79d,34,2,1.5,0,0,8,-1,-1,20.5,174.25,15,18.5,37.0,795
jwexunmb,0,607cbdea57addf71b2890592,35,1,2.5,1,1,8,5590,3819,18.25,240.0,15,16.25,32.5,802
jwexunmb,0,5c5cad3e4ee81200018eafe2,36,1,2.5,0,0,8,3244,6313,19.5,239.0,15,17.5,35.0,797
jwexunmb,0,5cc5af95ce735c0017908790,1,1,2.5,1,1,10,1698,9206,16.25,269.75,16,16.25,32.5,813
jwexunmb,1,6083f1a1c244e05d9105bae6,2,1,1.5,1,1,7,-1,-1,12.75,194.25,16,9.75,19.5,823
jwexunmb,0,60957475f7b6d2a2ec5c60a3,3,2,1.5,0,1,8,3690,8625,14.0,181.5,16,12.0,24.0,828
jwexunmb,0,5fae68d5b74c182cacbe5d6a,4,1,2.5,0,0,10,4391,2749,18.5,245.0,16,18.5,37.0,811
jwexunmb,1,5f6e4795536d16361a5119b5,5,2,1.5,1,1,7,-1,-1,14.25,212.75,16,11.25,22.5,827
jwexunmb,0,5f2448855226b0000a8129e1,6,2,2.5,0,1,10,2161,9447,25.0,264.75,16,25.0,50.0,822
jwexunmb,1,5d0aa9aa5047d20018b8490d,7,1,1.5,1,1,7,-1,-1,15.75,190.5,16,12.75,25.5,825
jwexunmb,0,602fb33786b077cdbad2d5bb,8,1,2.5,1,1,4,3183,2357,23.5,246.75,16,17.5,35.0,817
jwexunmb,0,5cb6d6608f7ee10016e5abd7,9,2,2.5,1,1,10,2871,3788,17.5,256.25,16,17.5,35.0,817
jwexunmb,0,5cd1bdedf2156c00013b0152,10,2,1.5,1,1,5,3202,4331,21.25,180.75,16,16.25,32.5,813
jwexunmb,0,5f89cbc45b38f5016101011c,11,2,1.5,0,1,6,5482,9167,13.75,183.5,16,9.75,19.5,823
jwexunmb,0,60147ed73045234d08a3a35d,12,1,2.5,1,1,8,4756,10663,19.5,273.25,16,17.5,35.0,815
jwexunmb,0,601d8755bc36890e34c83999,13,1,2.5,0,1,7,2844,5304,14.75,256.25,16,11.75,23.5,814
jwexunmb,0,5f5159f9e0375838294da699,14,2,1.5,0,0,10,1767,5053,17.5,228.75,16,17.5,35.0,815
jwexunmb,0,5ffc3db4e2e31f000895b073,15,1,1.5,1,1,2,8330,12799,14.75,211.75,16,6.75,13.5,826
jwexunmb,0,5f9c236b484eba05eef4145e,16,2,1.5,0,0,4,5794,8739,17.75,194.75,16,11.75,23.5,814
jwexunmb,0,5e2f448d3d8aa150310b677b,17,1,2.5,0,1,10,2197,2956,18.75,265.75,16,18.75,37.5,819
jwexunmb,0,606389edd44e23139eeecd82,18,2,1.5,0,1,10,3295,4087,15.0,179.75,16,15.0,30.0,816
jwexunmb,0,5c2fcd716ea6880001dc8e3d,19,2,2.5,1,1,9,2897,2195,22.25,257.5,16,21.25,42.5,820
jwexunmb,0,5ca52d313d3ff5001589059c,20,1,1.5,0,1,8,1775,2959,14.0,194.5,16,12.0,24.0,828
jwexunmb,0,605d06581b5591e8199036b5,21,2,2.5,0,0,8,3579,4632,15.75,253.5,16,13.75,27.5,821
jwexunmb,0,5e1b8f81651b723bf3ce7795,22,1,2.5,1,1,4,3742,12185,14.0,262.75,16,8.0,16.0,812
jwexunmb,0,5f131d8417ab1e03a958b349,23,1,1.5,1,1,7,2418,3747,15.75,183.25,16,12.75,25.5,824
jwexunmb,0,60a0dfc6f9936b0d30dfea15,24,1,2.5,0,0,6,2113,4650,19.0,250.25,16,15.0,30.0,816
jwexunmb,0,607b2df4eb8c8a82dd2ce8b8,25,2,1.5,0,0,10,7764,4190,12.75,187.0,16,12.75,25.5,824
jwexunmb,0,60a153e67025247950c7ee24,26,1,2.5,0,1,10,1631,5106,25.0,246.75,16,25.0,50.0,822
jwexunmb,0,5f0633361308dd16f7f4039c,27,2,1.5,1,1,4,10805,24474,14.0,189.75,16,8.0,16.0,812
jwexunmb,0,5e9dd814910d621387801b01,28,1,1.5,1,1,8,2310,10442,13.25,185.5,16,11.25,22.5,827
jwexunmb,0,5e19152c6b55081d6760e512,29,1,2.5,0,1,3,3828,7059,20.75,257.75,16,13.75,27.5,821
jwexunmb,0,5dc4bc30569be3387eb6b52f,30,2,1.5,0,1,8,1113,1703,20.5,182.0,16,18.5,37.0,811
jwexunmb,0,603eafab982298f40bfe9120,31,2,2.5,0,1,5,2747,4349,23.75,252.75,16,18.75,37.5,819
jwexunmb,0,5f3bf76b70b2305d2e676bc8,32,2,1.5,1,1,10,2963,8768,12.75,151.75,16,12.75,25.5,825
jwexunmb,0,5e7d2f16e863ba0d96dc610f,33,1,2.5,0,1,8,1899,1694,22.0,278.75,16,20.0,40.0,818
jwexunmb,1,5f06eefaf3fc742667b4e79d,34,2,1.5,0,1,7,-1,-1,9.75,184.0,16,6.75,13.5,826
jwexunmb,0,607cbdea57addf71b2890592,35,1,2.5,0,1,8,2658,5114,23.25,263.25,16,21.25,42.5,820
jwexunmb,0,5c5cad3e4ee81200018eafe2,36,2,2.5,0,0,8,3246,10158,22.0,261.0,16,20.0,40.0,818
jwexunmb,0,5cc5af95ce735c0017908790,1,2,2.5,1,1,10,2432,2598,23.75,293.5,17,23.75,47.5,838
jwexunmb,1,6083f1a1c244e05d9105bae6,2,2,1.5,0,1,7,-1,-1,15.75,210.0,17,12.75,25.5,846
jwexunmb,0,60957475f7b6d2a2ec5c60a3,3,2,1.5,0,0,10,11366,16342,13.5,195.0,17,13.5,27.0,845
jwexunmb,0,5fae68d5b74c182cacbe5d6a,4,1,2.5,0,0,10,3997,3880,25.0,270.0,17,25.0,50.0,839
jwexunmb,1,5f6e4795536d16361a5119b5,5,2,1.5,1,1,7,-1,-1,20.75,233.5,17,17.75,35.5,832
jwexunmb,0,5f2448855226b0000a8129e1,6,1,2.5,1,1,10,1545,2976,20.0,284.75,17,20.0,40.0,831
jwexunmb,0,5d0aa9aa5047d20018b8490d,7,2,1.5,-1,-1,-1,-1,-1,-1.0,0.0,17,-1.0,-1.0,844
jwexunmb,0,602fb33786b077cdbad2d5bb,8,1,2.5,0,1,10,1606,4945,17.0,263.75,17,17.0,34.0,834
jwexunmb,0,5cb6d6608f7ee10016e5abd7,9,2,2.5,0,0,5,3819,6016,17.5,273.75,17,12.5,25.0,837
jwexunmb,0,5cd1bdedf2156c00013b0152,10,2,1.5,1,1,2,4760,4593,15.5,196.25,17,7.5,15.0,842
jwexunmb,0,5f89cbc45b38f5016101011c,11,2,1.5,1,1,7,2861,7668,12.0,195.5,17,9.0,18.0,830
jwexunmb,0,60147ed73045234d08a3a35d,12,2,2.5,0,1,5,2696,6451,21.25,294.5,17,16.25,32.5,840
jwexunmb,0,601d8755bc36890e34c83999,13,2,2.5,1,1,10,2671,15163,25.0,281.25,17,25.0,50.0,839
jwexunmb,0,5f5159f9e0375838294da699,14,2,1.5,0,0,10,2154,2511,20.0,248.75,17,20.0,40.0,831
jwexunmb,0,5ffc3db4e2e31f000895b073,15,1,1.5,1,1,10,12630,17678,12.75,224.5,17,12.75,25.5,846
jwexunmb,0,5f9c236b484eba05eef4145e,16,2,1.5,0,1,7,2899,6192,20.75,215.5,17,17.75,35.5,829
jwexunmb,0,5e2f448d3d8aa150310b677b,17,1,2.5,0,1,10,3169,2656,22.5,288.25,17,22.5,45.0,836
jwexunmb,0,606389edd44e23139eeecd82,18,1,1.5,0,0,8,6603,7963,9.5,189.25,17,7.5,15.0,842
jwexunmb,0,5c2fcd716ea6880001dc8e3d,19,2,2.5,0,1,7,1496,2211,21.75,279.25,17,18.75,37.5,835
jwexunmb,0,5ca52d313d3ff5001589059c,20,1,1.5,1,1,10,2689,6967,14.25,208.75,17,14.25,28.5,841
jwexunmb,0,605d06581b5591e8199036b5,21,1,2.5,0,0,2,4255,4475,15.0,268.5,17,7.0,14.0,833
jwexunmb,0,5e1b8f81651b723bf3ce7795,22,1,2.5,0,1,8,2597,10766,20.75,283.5,17,18.75,37.5,835
jwexunmb,0,5f131d8417ab1e03a958b349,23,2,1.5,0,1,6,868,1427,21.0,204.25,17,17.0,34.0,834
jwexunmb,0,60a0dfc6f9936b0d30dfea15,24,1,2.5,0,0,10,3173,5834,17.75,268.0,17,17.75,35.5,832
jwexunmb,0,607b2df4eb8c8a82dd2ce8b8,25,2,1.5,1,1,6,7502,6991,11.0,198.0,17,7.0,14.0,833
jwexunmb,0,60a153e67025247950c7ee24,26,1,2.5,1,1,3,1823,6359,16.0,262.75,17,9.0,18.0,830
jwexunmb,0,5f0633361308dd16f7f4039c,27,2,1.5,1,1,7,4563,19277,15.75,205.5,17,12.75,25.5,843
jwexunmb,0,5e9dd814910d621387801b01,28,2,1.5,1,1,9,8114,9163,15.25,200.75,17,14.25,28.5,841
jwexunmb,0,5e19152c6b55081d6760e512,29,1,2.5,0,1,5,5240,5509,17.5,275.25,17,12.5,25.0,837
jwexunmb,0,5dc4bc30569be3387eb6b52f,30,1,1.5,1,1,8,1069,2250,15.5,197.5,17,13.5,27.0,845
jwexunmb,0,603eafab982298f40bfe9120,31,1,2.5,1,1,10,1744,5998,17.75,270.5,17,17.75,35.5,829
jwexunmb,0,5f3bf76b70b2305d2e676bc8,32,1,1.5,1,1,10,1790,5199,12.75,164.5,17,12.75,25.5,843
jwexunmb,0,5e7d2f16e863ba0d96dc610f,33,1,2.5,0,1,8,1668,2573,18.25,297.0,17,16.25,32.5,840
jwexunmb,0,5f06eefaf3fc742667b4e79d,34,1,1.5,-1,-1,-1,-1,-1,-1.0,0.0,17,-1.0,-1.0,844
jwexunmb,0,607cbdea57addf71b2890592,35,1,2.5,0,1,9,3601,5754,24.75,288.0,17,23.75,47.5,838
jwexunmb,0,5c5cad3e4ee81200018eafe2,36,2,2.5,0,0,8,2253,5743,24.5,285.5,17,22.5,45.0,836
jwexunmb,0,5cc5af95ce735c0017908790,1,1,2.5,1,1,10,1274,11188,25.0,318.5,18,25.0,50.0,858
jwexunmb,1,6083f1a1c244e05d9105bae6,2,1,1.5,0,1,8,-1,-1,11.0,221.0,18,9.0,18.0,859
jwexunmb,0,60957475f7b6d2a2ec5c60a3,3,2,1.5,0,1,4,6384,8068,17.75,212.75,18,11.75,23.5,850
jwexunmb,0,5fae68d5b74c182cacbe5d6a,4,1,2.5,0,0,10,1005,3826,18.5,288.5,18,18.5,37.0,851
jwexunmb,1,5f6e4795536d16361a5119b5,5,2,1.5,1,1,8,-1,-1,11.75,245.25,18,9.75,19.5,848
jwexunmb,0,5f2448855226b0000a8129e1,6,1,2.5,1,1,10,5185,3299,17.0,301.75,18,17.0,34.0,852
jwexunmb,1,5d0aa9aa5047d20018b8490d,7,1,1.5,1,1,8,-1,-1,11.0,201.5,18,9.0,18.0,862
jwexunmb,0,602fb33786b077cdbad2d5bb,8,1,2.5,1,1,3,1339,2911,18.25,282.0,18,11.25,22.5,849
jwexunmb,0,5cb6d6608f7ee10016e5abd7,9,1,2.5,1,1,10,6060,5368,25.0,298.75,18,25.0,50.0,855
jwexunmb,0,5cd1bdedf2156c00013b0152,10,2,1.5,0,1,4,5368,2823,15.0,211.25,18,9.0,18.0,859
jwexunmb,0,5f89cbc45b38f5016101011c,11,2,1.5,0,1,6,3373,5736,21.0,216.5,18,17.0,34.0,852
jwexunmb,0,60147ed73045234d08a3a35d,12,1,2.5,0,1,10,3458,8022,18.75,313.25,18,18.75,37.5,854
jwexunmb,0,601d8755bc36890e34c83999,13,2,2.5,1,1,10,3178,3970,25.0,306.25,18,25.0,50.0,855
jwexunmb,0,5f5159f9e0375838294da699,14,2,1.5,0,0,10,1387,2985,11.25,260.0,18,11.25,22.5,849
jwexunmb,0,5ffc3db4e2e31f000895b073,15,2,1.5,1,1,10,4732,6808,12.0,236.5,18,12.0,24.0,863
jwexunmb,0,5f9c236b484eba05eef4145e,16,1,1.5,0,0,7,5284,3101,15.75,231.25,18,12.75,25.5,860
jwexunmb,0,5e2f448d3d8aa150310b677b,17,2,2.5,0,0,9,4702,4254,18.5,306.75,18,17.5,35.0,857
jwexunmb,0,606389edd44e23139eeecd82,18,2,1.5,0,0,10,2734,4241,20.0,209.25,18,20.0,40.0,847
jwexunmb,0,5c2fcd716ea6880001dc8e3d,19,1,2.5,1,1,7,1099,1991,14.75,294.0,18,11.75,23.5,850
jwexunmb,0,5ca52d313d3ff5001589059c,20,2,1.5,0,1,7,3538,6089,12.0,220.75,18,9.0,18.0,864
jwexunmb,0,605d06581b5591e8199036b5,21,2,2.5,0,1,10,3579,3890,25.0,293.5,18,25.0,50.0,858
jwexunmb,0,5e1b8f81651b723bf3ce7795,22,2,2.5,1,1,5,4556,12301,23.75,307.25,18,18.75,37.5,854
jwexunmb,0,5f131d8417ab1e03a958b349,23,2,1.5,0,0,4,2628,5020,15.0,219.25,18,9.0,18.0,862
jwexunmb,0,60a0dfc6f9936b0d30dfea15,24,1,2.5,0,0,7,3752,3912,11.75,279.75,18,8.75,17.5,856
jwexunmb,0,607b2df4eb8c8a82dd2ce8b8,25,2,1.5,0,0,10,8322,6043,12.75,210.75,18,12.75,25.5,860
jwexunmb,0,60a153e67025247950c7ee24,26,1,2.5,1,1,10,1791,5529,20.0,282.75,18,20.0,40.0,847
jwexunmb,0,5f0633361308dd16f7f4039c,27,1,1.5,0,1,5,11987,17294,14.0,219.5,18,9.0,18.0,864
jwexunmb,0,5e9dd814910d621387801b01,28,2,1.5,1,1,6,2584,7122,14.5,215.25,18,10.5,21.0,861
jwexunmb,0,5e19152c6b55081d6760e512,29,1,2.5,1,1,3,9243,4419,16.75,292.0,18,9.75,19.5,848
jwexunmb,0,5dc4bc30569be3387eb6b52f,30,2,1.5,1,1,8,942,1821,20.5,218.0,18,18.5,37.0,851
jwexunmb,0,603eafab982298f40bfe9120,31,1,2.5,0,1,5,1073,3336,22.5,293.0,18,17.5,35.0,857
jwexunmb,0,5f3bf76b70b2305d2e676bc8,32,1,1.5,0,1,6,2535,7928,16.0,180.5,18,12.0,24.0,863
jwexunmb,0,5e7d2f16e863ba0d96dc610f,33,2,2.5,0,1,0,1526,1914,18.75,315.75,18,8.75,17.5,856
jwexunmb,1,5f06eefaf3fc742667b4e79d,34,1,1.5,0,0,8,-1,-1,12.5,196.5,18,10.5,21.0,861
jwexunmb,0,607cbdea57addf71b2890592,35,1,2.5,0,1,6,2885,7522,21.5,309.5,18,17.5,35.0,853
jwexunmb,0,5c5cad3e4ee81200018eafe2,36,2,2.5,0,1,8,3886,7783,19.5,305.0,18,17.5,35.0,853
jwexunmb,0,5cc5af95ce735c0017908790,1,2,2.5,0,1,10,3081,14825,17.5,336.0,19,17.5,35.0,872
jwexunmb,1,6083f1a1c244e05d9105bae6,2,2,1.5,1,1,7,-1,-1,20.75,241.75,19,17.75,35.5,865
jwexunmb,0,60957475f7b6d2a2ec5c60a3,3,1,1.5,0,1,6,6892,9480,14.5,227.25,19,10.5,21.0,879
jwexunmb,0,5fae68d5b74c182cacbe5d6a,4,1,2.5,1,1,10,2178,5062,17.75,306.25,19,17.75,35.5,865
jwexunmb,1,5f6e4795536d16361a5119b5,5,1,1.5,1,1,7,-1,-1,15.0,260.25,19,12.0,24.0,881
jwexunmb,0,5f2448855226b0000a8129e1,6,1,2.5,1,1,10,2247,3575,14.75,316.5,19,14.75,29.5,870
jwexunmb,1,5d0aa9aa5047d20018b8490d,7,1,1.5,0,1,7,-1,-1,12.75,214.25,19,9.75,19.5,882
jwexunmb,0,602fb33786b077cdbad2d5bb,8,2,2.5,0,1,5,1410,2293,23.75,305.75,19,18.75,37.5,876
jwexunmb,0,5cb6d6608f7ee10016e5abd7,9,1,2.5,1,1,10,4546,4380,25.0,323.75,19,25.0,50.0,873
jwexunmb,0,5cd1bdedf2156c00013b0152,10,2,1.5,0,1,6,9293,6367,13.75,225.0,19,9.75,19.5,882
jwexunmb,0,5f89cbc45b38f5016101011c,11,2,1.5,0,1,5,3776,12731,16.25,232.75,19,11.25,22.5,880
jwexunmb,0,60147ed73045234d08a3a35d,12,1,2.5,0,1,10,1721,5593,17.5,330.75,19,17.5,35.0,875
jwexunmb,0,601d8755bc36890e34c83999,13,2,2.5,1,1,10,2759,2991,25.0,331.25,19,25.0,50.0,873
jwexunmb,0,5f5159f9e0375838294da699,14,2,1.5,0,0,0,1490,2417,20.0,280.0,19,10.0,20.0,869
jwexunmb,0,5ffc3db4e2e31f000895b073,15,2,1.5,1,1,10,3202,3226,12.5,249.0,19,12.5,25.0,866
jwexunmb,0,5f9c236b484eba05eef4145e,16,2,1.5,0,0,10,12168,4527,20.0,251.25,19,20.0,40.0,867
jwexunmb,0,5e2f448d3d8aa150310b677b,17,1,2.5,0,1,10,2710,5417,18.75,325.5,19,18.75,37.5,876
jwexunmb,0,606389edd44e23139eeecd82,18,1,1.5,0,0,7,2087,7267,12.75,222.0,19,9.75,19.5,878
jwexunmb,0,5c2fcd716ea6880001dc8e3d,19,1,2.5,0,1,0,1641,3088,17.5,311.5,19,7.5,15.0,871
jwexunmb,0,5ca52d313d3ff5001589059c,20,1,1.5,1,1,6,2539,4345,13.75,234.5,19,9.75,19.5,877
jwexunmb,0,605d06581b5591e8199036b5,21,1,2.5,1,1,1,6984,5559,17.75,311.25,19,8.75,17.5,868
jwexunmb,0,5e1b8f81651b723bf3ce7795,22,1,2.5,0,1,4,8655,8290,18.5,325.75,19,12.5,25.0,866
jwexunmb,0,5f131d8417ab1e03a958b349,23,2,1.5,0,1,3,1087,5490,21.75,241.0,19,14.75,29.5,870
jwexunmb,0,60a0dfc6f9936b0d30dfea15,24,1,2.5,0,0,4,2263,2702,23.5,303.25,19,17.5,35.0,872
jwexunmb,0,607b2df4eb8c8a82dd2ce8b8,25,2,1.5,0,1,8,2317,7480,12.5,223.25,19,10.5,21.0,879
jwexunmb,0,60a153e67025247950c7ee24,26,2,2.5,0,1,10,1800,4272,16.25,299.0,19,16.25,32.5,874
jwexunmb,0,5f0633361308dd16f7f4039c,27,2,1.5,1,1,6,7991,10803,13.75,233.25,19,9.75,19.5,878
jwexunmb,0,5e9dd814910d621387801b01,28,1,1.5,0,1,10,2415,3941,11.25,226.5,19,11.25,22.5,880
jwexunmb,0,5e19152c6b55081d6760e512,29,2,2.5,0,1,4,3007,4186,23.5,315.5,19,17.5,35.0,875
jwexunmb,0,5dc4bc30569be3387eb6b52f,30,2,1.5,1,1,10,1012,2347,8.75,226.75,19,8.75,17.5,868
jwexunmb,0,603eafab982298f40bfe9120,31,1,2.5,1,1,3,1664,6155,23.25,316.25,19,16.25,32.5,874
jwexunmb,0,5f3bf76b70b2305d2e676bc8,32,2,1.5,0,1,9,3319,4243,13.0,193.5,19,12.0,24.0,881
jwexunmb,0,5e7d2f16e863ba0d96dc610f,33,1,2.5,1,1,10,1339,3111,20.0,335.75,19,20.0,40.0,867
jwexunmb,1,5f06eefaf3fc742667b4e79d,34,2,1.5,0,1,7,-1,-1,12.75,209.25,19,9.75,19.5,877
jwexunmb,0,607cbdea57addf71b2890592,35,2,2.5,1,1,6,2505,4274,11.5,321.0,19,7.5,15.0,871
jwexunmb,0,5c5cad3e4ee81200018eafe2,36,1,2.5,0,0,8,2788,9140,12.0,317.0,19,10.0,20.0,869
jwexunmb,0,5cc5af95ce735c0017908790,1,1,2.5,0,1,10,1895,1701,21.25,357.25,20,21.25,42.5,893
jwexunmb,1,6083f1a1c244e05d9105bae6,2,2,1.5,0,1,7,-1,-1,20.75,262.5,20,17.75,35.5,885
jwexunmb,0,60957475f7b6d2a2ec5c60a3,3,2,1.5,0,0,7,3942,9811,14.5,241.75,20,11.5,23.0,886
jwexunmb,0,5fae68d5b74c182cacbe5d6a,4,2,2.5,0,1,10,3927,5203,25.0,331.25,20,25.0,50.0,894
jwexunmb,1,5f6e4795536d16361a5119b5,5,2,1.5,0,0,7,-1,-1,12.0,272.25,20,9.0,18.0,900
jwexunmb,0,5f2448855226b0000a8129e1,6,1,2.5,1,1,10,2300,2809,18.75,335.25,20,18.75,37.5,890
jwexunmb,1,5d0aa9aa5047d20018b8490d,7,2,1.5,1,1,7,-1,-1,11.25,225.5,20,8.25,16.5,895
jwexunmb,0,602fb33786b077cdbad2d5bb,8,2,2.5,1,1,5,1845,2914,21.25,327.0,20,16.25,32.5,891
jwexunmb,0,5cb6d6608f7ee10016e5abd7,9,1,2.5,0,1,10,5957,12950,17.75,341.5,20,17.75,35.5,883
jwexunmb,0,5cd1bdedf2156c00013b0152,10,2,1.5,0,1,7,9473,4973,20.75,245.75,20,17.75,35.5,883
jwexunmb,0,5f89cbc45b38f5016101011c,11,1,1.5,0,1,4,4818,7217,14.25,247.0,20,8.25,16.5,895
jwexunmb,0,60147ed73045234d08a3a35d,12,1,2.5,1,1,10,4940,2842,18.5,349.25,20,18.5,37.0,884
jwexunmb,0,601d8755bc36890e34c83999,13,1,2.5,0,1,10,2817,6830,25.0,356.25,20,25.0,50.0,892
jwexunmb,0,5f5159f9e0375838294da699,14,2,1.5,0,0,5,1756,3074,15.0,295.0,20,10.0,20.0,887
jwexunmb,0,5ffc3db4e2e31f000895b073,15,2,1.5,0,1,10,2978,8774,12.75,261.75,20,12.75,25.5,899
jwexunmb,0,5f9c236b484eba05eef4145e,16,1,1.5,0,0,7,9258,7891,15.75,267.0,20,12.75,25.5,899
jwexunmb,0,5e2f448d3d8aa150310b677b,17,2,2.5,1,1,7,2246,3118,24.25,349.75,20,21.25,42.5,893
jwexunmb,0,606389edd44e23139eeecd82,18,1,1.5,0,0,5,2846,6832,14.0,236.0,20,9.0,18.0,900
jwexunmb,0,5c2fcd716ea6880001dc8e3d,19,2,2.5,1,1,10,1468,2433,25.0,336.5,20,25.0,50.0,892
jwexunmb,0,5ca52d313d3ff5001589059c,20,2,1.5,0,1,7,1592,7399,12.0,246.5,20,9.0,18.0,896
jwexunmb,0,605d06581b5591e8199036b5,21,1,2.5,1,1,5,3944,5209,16.5,327.75,20,11.5,23.0,886
jwexunmb,0,5e1b8f81651b723bf3ce7795,22,1,2.5,0,0,5,2631,6849,15.0,340.75,20,10.0,20.0,887
jwexunmb,0,5f131d8417ab1e03a958b349,23,2,1.5,0,0,4,2279,3455,14.25,255.25,20,8.25,16.5,897
jwexunmb,0,60a0dfc6f9936b0d30dfea15,24,2,2.5,0,0,5,2892,3396,16.25,319.5,20,11.25,22.5,889
jwexunmb,0,607b2df4eb8c8a82dd2ce8b8,25,2,1.5,0,0,10,4859,5295,11.25,234.5,20,11.25,22.5,888
jwexunmb,0,60a153e67025247950c7ee24,26,1,2.5,0,1,8,2094,4650,18.25,317.25,20,16.25,32.5,891
jwexunmb,0,5f0633361308dd16f7f4039c,27,2,1.5,0,1,5,2659,3648,16.25,249.5,20,11.25,22.5,898
jwexunmb,0,5e9dd814910d621387801b01,28,1,1.5,1,1,5,2819,4810,14.0,240.5,20,9.0,18.0,896
jwexunmb,0,5e19152c6b55081d6760e512,29,2,2.5,0,1,5,3816,3611,23.75,339.25,20,18.75,37.5,890
jwexunmb,0,5dc4bc30569be3387eb6b52f,30,2,1.5,1,1,8,942,1794,20.5,247.25,20,18.5,37.0,884
jwexunmb,0,603eafab982298f40bfe9120,31,1,2.5,1,1,3,2322,3781,18.25,334.5,20,11.25,22.5,888
jwexunmb,0,5f3bf76b70b2305d2e676bc8,32,1,1.5,0,1,10,2856,2524,11.25,204.75,20,11.25,22.5,898
jwexunmb,0,5e7d2f16e863ba0d96dc610f,33,1,2.5,0,0,10,2064,2443,25.0,360.75,20,25.0,50.0,894
jwexunmb,1,5f06eefaf3fc742667b4e79d,34,1,1.5,0,1,7,-1,-1,11.25,220.5,20,8.25,16.5,897
jwexunmb,0,607cbdea57addf71b2890592,35,1,2.5,0,1,4,4459,3967,17.25,338.25,20,11.25,22.5,889
jwexunmb,0,5c5cad3e4ee81200018eafe2,36,1,2.5,0,0,10,2307,7184,17.75,334.75,20,17.75,35.5,885
jwexunmb,0,5cc5af95ce735c0017908790,1,1,2.5,1,1,10,1411,5760,17.0,374.25,21,17.0,34.0,903
jwexunmb,1,6083f1a1c244e05d9105bae6,2,1,1.5,0,1,7,-1,-1,15.75,278.25,21,12.75,25.5,915
jwexunmb,0,60957475f7b6d2a2ec5c60a3,3,2,1.5,0,1,7,2794,13640,15.75,257.5,21,12.75,25.5,904
jwexunmb,0,5fae68d5b74c182cacbe5d6a,4,1,2.5,0,1,10,2739,7523,22.5,353.75,21,22.5,45.0,907
jwexunmb,1,5f6e4795536d16361a5119b5,5,1,1.5,0,1,7,-1,-1,15.75,288.0,21,12.75,25.5,914
jwexunmb,0,5f2448855226b0000a8129e1,6,1,2.5,1,1,10,1849,6759,20.0,355.25,21,20.0,40.0,901
jwexunmb,1,5d0aa9aa5047d20018b8490d,7,2,1.5,0,1,7,-1,-1,18.25,243.75,21,15.25,30.5,906
jwexunmb,0,602fb33786b077cdbad2d5bb,8,1,2.5,1,1,7,1677,3720,21.75,348.75,21,18.75,37.5,910
jwexunmb,0,5cb6d6608f7ee10016e5abd7,9,1,2.5,0,1,10,6213,4084,25.0,366.5,21,25.0,50.0,909
jwexunmb,0,5cd1bdedf2156c00013b0152,10,2,1.5,0,1,7,5953,4484,12.0,257.75,21,9.0,18.0,917
jwexunmb,0,5f89cbc45b38f5016101011c,11,1,1.5,0,1,5,4922,5356,14.0,261.0,21,9.0,18.0,917
jwexunmb,0,60147ed73045234d08a3a35d,12,2,2.5,0,1,10,1193,5141,17.5,366.75,21,17.5,35.0,908
jwexunmb,0,601d8755bc36890e34c83999,13,1,2.5,1,1,10,4089,2956,21.25,377.5,21,21.25,42.5,911
jwexunmb,0,5f5159f9e0375838294da699,14,2,1.5,0,1,5,2225,9888,14.75,309.75,21,9.75,19.5,918
jwexunmb,0,5ffc3db4e2e31f000895b073,15,1,1.5,1,1,8,2267,2522,14.0,275.75,21,12.0,24.0,913
jwexunmb,0,5f9c236b484eba05eef4145e,16,2,1.5,1,1,8,3540,9612,14.0,281.0,21,12.0,24.0,913
jwexunmb,0,5e2f448d3d8aa150310b677b,17,2,2.5,1,1,8,2997,3236,20.75,370.5,21,18.75,37.5,910
jwexunmb,0,606389edd44e23139eeecd82,18,2,1.5,0,0,10,3035,2998,12.75,248.75,21,12.75,25.5,914
jwexunmb,0,5c2fcd716ea6880001dc8e3d,19,2,2.5,1,1,10,1250,2695,25.0,361.5,21,25.0,50.0,909
jwexunmb,0,5ca52d313d3ff5001589059c,20,2,1.5,0,0,6,3741,3353,21.0,267.5,21,17.0,34.0,903
jwexunmb,0,605d06581b5591e8199036b5,21,1,2.5,0,1,8,3175,4702,17.25,345.0,21,15.25,30.5,906
jwexunmb,0,5e1b8f81651b723bf3ce7795,22,2,2.5,1,1,7,3709,8184,24.25,365.0,21,21.25,42.5,911
jwexunmb,0,5f131d8417ab1e03a958b349,23,2,1.5,0,0,10,2388,2418,12.75,268.0,21,12.75,25.5,915
jwexunmb,0,60a0dfc6f9936b0d30dfea15,24,1,2.5,0,0,4,3928,4408,23.5,343.0,21,17.5,35.0,908
jwexunmb,0,607b2df4eb8c8a82dd2ce8b8,25,2,1.5,1,1,10,3214,6495,20.0,254.5,21,20.0,40.0,901
jwexunmb,0,60a153e67025247950c7ee24,26,1,2.5,0,1,10,2313,3424,25.0,342.25,21,25.0,50.0,912
jwexunmb,0,5f0633361308dd16f7f4039c,27,2,1.5,0,1,5,7734,3664,13.75,263.25,21,8.75,17.5,905
jwexunmb,0,5e9dd814910d621387801b01,28,2,1.5,1,1,9,5346,6650,11.5,252.0,21,10.5,21.0,902
jwexunmb,0,5e19152c6b55081d6760e512,29,1,2.5,0,1,4,3471,3710,14.75,354.0,21,8.75,17.5,905
jwexunmb,0,5dc4bc30569be3387eb6b52f,30,1,1.5,0,1,8,830,1598,11.75,259.0,21,9.75,19.5,918
jwexunmb,0,603eafab982298f40bfe9120,31,1,2.5,1,1,3,1295,10618,17.5,352.0,21,10.5,21.0,902
jwexunmb,0,5f3bf76b70b2305d2e676bc8,32,2,1.5,1,1,10,1006,3595,12.75,217.5,21,12.75,25.5,916
jwexunmb,0,5e7d2f16e863ba0d96dc610f,33,2,2.5,0,1,10,2764,1971,25.0,385.75,21,25.0,50.0,912
jwexunmb,1,5f06eefaf3fc742667b4e79d,34,1,1.5,1,1,7,-1,-1,15.75,236.25,21,12.75,25.5,916
jwexunmb,0,607cbdea57addf71b2890592,35,1,2.5,1,1,6,1917,8173,16.75,355.0,21,12.75,25.5,904
jwexunmb,0,5c5cad3e4ee81200018eafe2,36,2,2.5,0,0,8,7790,5345,24.5,359.25,21,22.5,45.0,907
jwexunmb,0,5cc5af95ce735c0017908790,1,1,2.5,0,1,10,977,3264,18.75,393.0,22,18.75,37.5,930
jwexunmb,1,6083f1a1c244e05d9105bae6,2,1,1.5,1,1,8,-1,-1,13.25,291.5,22,11.25,22.5,935
jwexunmb,0,60957475f7b6d2a2ec5c60a3,3,2,1.5,0,1,10,2657,6090,20.0,277.5,22,20.0,40.0,923
jwexunmb,0,5fae68d5b74c182cacbe5d6a,4,1,2.5,1,1,10,2241,2269,25.0,378.75,22,25.0,50.0,927
jwexunmb,0,5f6e4795536d16361a5119b5,5,2,1.5,-1,-1,-1,-1,-1,-1.0,0.0,22,-1.0,-1.0,934
jwexunmb,0,5f2448855226b0000a8129e1,6,1,2.5,1,1,10,1953,3413,16.25,371.5,22,16.25,32.5,921
jwexunmb,0,5d0aa9aa5047d20018b8490d,7,1,1.5,-1,-1,-1,-1,-1,-1.0,0.0,22,-1.0,-1.0,934
jwexunmb,0,602fb33786b077cdbad2d5bb,8,1,2.5,0,1,5,4214,3981,18.75,367.5,22,13.75,27.5,920
jwexunmb,0,5cb6d6608f7ee10016e5abd7,9,1,2.5,0,0,10,4545,4444,20.0,386.5,22,20.0,40.0,923
jwexunmb,0,5cd1bdedf2156c00013b0152,10,2,1.5,0,1,0,2415,3775,22.5,280.25,22,12.5,25.0,922
jwexunmb,0,5f89cbc45b38f5016101011c,11,1,1.5,0,1,5,4125,6362,13.25,274.25,22,8.25,16.5,933
jwexunmb,0,60147ed73045234d08a3a35d,12,2,2.5,0,1,2,3122,1854,19.25,386.0,22,11.25,22.5,925
jwexunmb,0,601d8755bc36890e34c83999,13,1,2.5,0,1,10,3786,12048,23.75,401.25,22,23.75,47.5,929
jwexunmb,0,5f5159f9e0375838294da699,14,2,1.5,1,1,6,1626,4006,12.25,322.0,22,8.25,16.5,933
jwexunmb,0,5ffc3db4e2e31f000895b073,15,2,1.5,0,1,9,1620,5073,15.25,291.0,22,14.25,28.5,932
jwexunmb,0,5f9c236b484eba05eef4145e,16,2,1.5,0,0,9,2832,3141,11.5,292.5,22,10.5,21.0,931
jwexunmb,0,5e2f448d3d8aa150310b677b,17,2,2.5,0,0,9,3771,3048,24.75,395.25,22,23.75,47.5,929
jwexunmb,0,606389edd44e23139eeecd82,18,1,1.5,0,0,10,2817,6065,14.25,263.0,22,14.25,28.5,932
jwexunmb,0,5c2fcd716ea6880001dc8e3d,19,2,2.5,1,1,10,1455,2304,25.0,386.5,22,25.0,50.0,927
jwexunmb,0,5ca52d313d3ff5001589059c,20,2,1.5,1,1,7,1534,3520,12.0,279.5,22,9.0,18.0,924
jwexunmb,0,605d06581b5591e8199036b5,21,1,2.5,0,0,6,2547,3504,24.0,369.0,22,20.0,40.0,926
jwexunmb,0,5e1b8f81651b723bf3ce7795,22,2,2.5,0,1,5,7254,4919,23.75,388.75,22,18.75,37.5,930
jwexunmb,0,5f131d8417ab1e03a958b349,23,2,1.5,1,1,5,3321,3240,21.25,289.25,22,16.25,32.5,921
jwexunmb,0,60a0dfc6f9936b0d30dfea15,24,1,2.5,0,0,7,2826,3133,14.25,357.25,22,11.25,22.5,925
jwexunmb,0,607b2df4eb8c8a82dd2ce8b8,25,1,1.5,0,1,5,4183,17295,15.5,270.0,22,10.5,21.0,931
jwexunmb,0,60a153e67025247950c7ee24,26,2,2.5,0,0,10,2074,6051,20.0,362.25,22,20.0,40.0,926
jwexunmb,0,5f0633361308dd16f7f4039c,27,2,1.5,0,1,5,2751,7525,18.75,282.0,22,13.75,27.5,919
jwexunmb,0,5e9dd814910d621387801b01,28,2,1.5,1,1,7,2340,4336,14.25,266.25,22,11.25,22.5,935
jwexunmb,0,5e19152c6b55081d6760e512,29,2,2.5,1,1,10,11119,4539,22.5,376.5,22,22.5,45.0,928
jwexunmb,0,5dc4bc30569be3387eb6b52f,30,2,1.5,1,1,8,2395,3108,14.0,273.0,22,12.0,24.0,936
jwexunmb,0,603eafab982298f40bfe9120,31,1,2.5,1,1,3,1315,3702,16.0,368.0,22,9.0,18.0,924
jwexunmb,0,5f3bf76b70b2305d2e676bc8,32,2,1.5,1,1,10,1642,2604,13.75,231.25,22,13.75,27.5,920
jwexunmb,0,5e7d2f16e863ba0d96dc610f,33,1,2.5,1,1,10,1124,4301,12.5,398.25,22,12.5,25.0,922
jwexunmb,1,5f06eefaf3fc742667b4e79d,34,1,1.5,0,1,8,-1,-1,14.0,250.25,22,12.0,24.0,936
jwexunmb,0,607cbdea57addf71b2890592,35,1,2.5,1,1,8,2953,5222,24.5,379.5,22,22.5,45.0,928
jwexunmb,0,5c5cad3e4ee81200018eafe2,36,1,2.5,0,0,8,3661,10891,15.75,375.0,22,13.75,27.5,919
jwexunmb,0,5cc5af95ce735c0017908790,1,2,2.5,0,1,10,5655,3135,23.75,416.75,23,23.75,47.5,945
jwexunmb,1,6083f1a1c244e05d9105bae6,2,2,1.5,0,0,7,-1,-1,14.25,305.75,23,11.25,22.5,950
jwexunmb,0,60957475f7b6d2a2ec5c60a3,3,2,1.5,0,0,7,9215,21971,15.75,293.25,23,12.75,25.5,949
jwexunmb,0,5fae68d5b74c182cacbe5d6a,4,1,2.5,0,1,10,1834,2000,16.25,395.0,23,16.25,32.5,946
jwexunmb,1,5f6e4795536d16361a5119b5,5,2,1.5,1,1,7,-1,-1,12.0,300.0,23,9.0,18.0,940
jwexunmb,0,5f2448855226b0000a8129e1,6,1,2.5,1,1,10,1365,2559,22.5,394.0,23,22.5,45.0,948
jwexunmb,1,5d0aa9aa5047d20018b8490d,7,1,1.5,1,1,7,-1,-1,9.75,253.5,23,6.75,13.5,953
jwexunmb,0,602fb33786b077cdbad2d5bb,8,2,2.5,1,1,4,1875,4575,23.5,391.0,23,17.5,35.0,944
jwexunmb,0,5cb6d6608f7ee10016e5abd7,9,1,2.5,0,1,10,9403,5085,17.5,404.0,23,17.5,35.0,944
jwexunmb,0,5cd1bdedf2156c00013b0152,10,2,1.5,0,0,2,8035,4549,14.75,295.0,23,6.75,13.5,953
jwexunmb,0,5f89cbc45b38f5016101011c,11,2,1.5,0,1,6,4323,6453,17.25,291.5,23,13.25,26.5,942
jwexunmb,0,60147ed73045234d08a3a35d,12,1,2.5,0,1,10,1721,2965,20.0,406.0,23,20.0,40.0,943
jwexunmb,0,601d8755bc36890e34c83999,13,1,2.5,1,1,8,8929,9458,17.25,418.5,23,15.25,30.5,939
jwexunmb,0,5f5159f9e0375838294da699,14,1,1.5,0,0,0,1914,4948,17.5,339.5,23,7.5,15.0,951
jwexunmb,0,5ffc3db4e2e31f000895b073,15,1,1.5,1,1,10,2709,3238,12.75,303.75,23,12.75,25.5,949
jwexunmb,0,5f9c236b484eba05eef4145e,16,2,1.5,0,0,7,4938,5674,11.25,303.75,23,8.25,16.5,954
jwexunmb,0,5e2f448d3d8aa150310b677b,17,2,2.5,0,1,8,3085,4969,24.5,419.75,23,22.5,45.0,948
jwexunmb,0,606389edd44e23139eeecd82,18,2,1.5,0,0,10,4429,3462,7.5,270.5,23,7.5,15.0,951
jwexunmb,0,5c2fcd716ea6880001dc8e3d,19,1,2.5,0,1,10,1161,2450,20.0,406.5,23,20.0,40.0,941
jwexunmb,0,5ca52d313d3ff5001589059c,20,1,1.5,0,0,4,5371,3062,14.25,293.75,23,8.25,16.5,954
jwexunmb,0,605d06581b5591e8199036b5,21,1,2.5,1,1,9,3355,3931,24.75,393.75,23,23.75,47.5,945
jwexunmb,0,5e1b8f81651b723bf3ce7795,22,1,2.5,1,1,7,2503,6420,16.25,405.0,23,13.25,26.5,942
jwexunmb,0,5f131d8417ab1e03a958b349,23,1,1.5,0,0,8,3369,2533,13.25,302.5,23,11.25,22.5,950
jwexunmb,0,60a0dfc6f9936b0d30dfea15,24,2,2.5,0,0,3,2313,4635,23.25,380.5,23,16.25,32.5,946
jwexunmb,0,607b2df4eb8c8a82dd2ce8b8,25,2,1.5,0,1,10,6951,7881,12.0,282.0,23,12.0,24.0,952
jwexunmb,0,60a153e67025247950c7ee24,26,1,2.5,0,1,3,2666,4868,16.0,378.25,23,9.0,18.0,940
jwexunmb,0,5f0633361308dd16f7f4039c,27,2,1.5,1,1,2,4910,8673,15.75,297.75,23,7.75,15.5,937
jwexunmb,0,5e9dd814910d621387801b01,28,1,1.5,0,1,6,2597,7218,16.0,282.25,23,12.0,24.0,952
jwexunmb,0,5e19152c6b55081d6760e512,29,1,2.5,1,1,5,1775,10119,12.75,389.25,23,7.75,15.5,937
jwexunmb,0,5dc4bc30569be3387eb6b52f,30,2,1.5,0,1,8,900,1326,13.0,286.0,23,11.0,22.0,938
jwexunmb,0,603eafab982298f40bfe9120,31,2,2.5,1,1,9,1867,3153,12.25,380.25,23,11.25,22.5,947
jwexunmb,0,5f3bf76b70b2305d2e676bc8,32,2,1.5,1,1,10,1706,2495,20.0,251.25,23,20.0,40.0,941
jwexunmb,0,5e7d2f16e863ba0d96dc610f,33,1,2.5,1,1,0,4723,1979,21.25,419.5,23,11.25,22.5,947
jwexunmb,1,5f06eefaf3fc742667b4e79d,34,2,1.5,1,1,7,-1,-1,18.25,268.5,23,15.25,30.5,939
jwexunmb,0,607cbdea57addf71b2890592,35,1,2.5,0,1,4,2511,3862,17.0,396.5,23,11.0,22.0,938
jwexunmb,0,5c5cad3e4ee81200018eafe2,36,2,2.5,1,1,6,3591,6045,24.0,399.0,23,20.0,40.0,943
jwexunmb,0,5cc5af95ce735c0017908790,1,1,2.5,0,1,10,2937,5603,22.5,439.25,24,22.5,45.0,962
jwexunmb,1,6083f1a1c244e05d9105bae6,2,1,1.5,1,1,7,-1,-1,13.5,319.25,24,10.5,21.0,969
jwexunmb,0,60957475f7b6d2a2ec5c60a3,3,2,1.5,0,0,7,7071,14377,12.0,305.25,24,9.0,18.0,972
jwexunmb,0,5fae68d5b74c182cacbe5d6a,4,2,2.5,1,1,10,1683,4578,25.0,420.0,24,25.0,50.0,961
jwexunmb,1,5f6e4795536d16361a5119b5,5,2,1.5,0,1,7,-1,-1,14.5,314.5,24,11.5,23.0,959
jwexunmb,0,5f2448855226b0000a8129e1,6,1,2.5,1,1,10,1440,8339,25.0,419.0,24,25.0,50.0,966
jwexunmb,1,5d0aa9aa5047d20018b8490d,7,2,1.5,0,0,7,-1,-1,13.25,266.75,24,10.25,20.5,958
jwexunmb,0,602fb33786b077cdbad2d5bb,8,1,2.5,0,1,3,2963,5820,14.5,405.5,24,7.5,15.0,956
jwexunmb,0,5cb6d6608f7ee10016e5abd7,9,1,2.5,1,1,10,6509,3925,25.0,429.0,24,25.0,50.0,961
jwexunmb,0,5cd1bdedf2156c00013b0152,10,1,1.5,0,1,6,3807,10979,14.5,309.5,24,10.5,21.0,968
jwexunmb,0,5f89cbc45b38f5016101011c,11,2,1.5,1,1,6,5181,5624,13.5,305.0,24,9.5,19.0,957
jwexunmb,0,60147ed73045234d08a3a35d,12,2,2.5,1,1,10,3797,4757,25.0,431.0,24,25.0,50.0,966
jwexunmb,0,601d8755bc36890e34c83999,13,1,2.5,0,1,8,4264,6965,15.75,434.25,24,13.75,27.5,960
jwexunmb,0,5f5159f9e0375838294da699,14,2,1.5,0,0,0,2693,2316,16.0,355.5,24,6.0,12.0,967
jwexunmb,0,5ffc3db4e2e31f000895b073,15,1,1.5,0,1,10,1568,11405,13.5,317.25,24,13.5,27.0,970
jwexunmb,0,5f9c236b484eba05eef4145e,16,2,1.5,0,0,7,7619,3332,13.5,317.25,24,10.5,21.0,969
jwexunmb,0,5e2f448d3d8aa150310b677b,17,1,2.5,0,1,5,3581,3721,16.5,436.25,24,11.5,23.0,959
jwexunmb,0,606389edd44e23139eeecd82,18,2,1.5,0,0,5,2306,3337,18.75,289.25,24,13.75,27.5,960
jwexunmb,0,5c2fcd716ea6880001dc8e3d,19,2,2.5,1,1,10,1326,2288,25.0,431.5,24,25.0,50.0,965
jwexunmb,0,5ca52d313d3ff5001589059c,20,2,1.5,0,0,8,4564,4211,12.5,306.25,24,10.5,21.0,968
jwexunmb,0,605d06581b5591e8199036b5,21,2,2.5,1,1,10,2762,3106,25.0,418.75,24,25.0,50.0,963
jwexunmb,0,5e1b8f81651b723bf3ce7795,22,1,2.5,1,1,6,2520,6567,19.0,424.0,24,15.0,30.0,955
jwexunmb,0,5f131d8417ab1e03a958b349,23,1,1.5,0,0,0,2115,1610,15.25,317.75,24,5.25,10.5,971
jwexunmb,0,60a0dfc6f9936b0d30dfea15,24,2,2.5,0,0,8,3441,2497,24.5,405.0,24,22.5,45.0,964
jwexunmb,0,607b2df4eb8c8a82dd2ce8b8,25,1,1.5,0,0,8,3713,6812,8.0,290.0,24,6.0,12.0,967
jwexunmb,0,60a153e67025247950c7ee24,26,1,2.5,1,1,10,2443,7893,25.0,403.25,24,25.0,50.0,965
jwexunmb,0,5f0633361308dd16f7f4039c,27,2,1.5,0,1,5,2123,2789,12.5,310.25,24,7.5,15.0,956
jwexunmb,0,5e9dd814910d621387801b01,28,1,1.5,0,1,5,2371,6507,14.0,296.25,24,9.0,18.0,972
jwexunmb,0,5e19152c6b55081d6760e512,29,1,2.5,0,1,4,4881,14991,15.5,404.75,24,9.5,19.0,957
jwexunmb,0,5dc4bc30569be3387eb6b52f,30,2,1.5,1,1,8,1007,1615,15.5,301.5,24,13.5,27.0,970
jwexunmb,0,603eafab982298f40bfe9120,31,1,2.5,1,1,10,2670,6975,25.0,405.25,24,25.0,50.0,963
jwexunmb,0,5f3bf76b70b2305d2e676bc8,32,2,1.5,0,1,10,1961,3672,15.0,266.25,24,15.0,30.0,955
jwexunmb,0,5e7d2f16e863ba0d96dc610f,33,1,2.5,0,1,10,1731,2494,22.5,442.0,24,22.5,45.0,964
jwexunmb,1,5f06eefaf3fc742667b4e79d,34,2,1.5,0,0,7,-1,-1,8.25,276.75,24,5.25,10.5,971
jwexunmb,0,607cbdea57addf71b2890592,35,1,2.5,0,0,4,3456,5355,16.25,412.75,24,10.25,20.5,958
jwexunmb,0,5c5cad3e4ee81200018eafe2,36,2,2.5,0,0,8,3412,8680,24.5,423.5,24,22.5,45.0,962
jwexunmb,0,5cc5af95ce735c0017908790,1,2,2.5,0,1,10,1741,10718,16.25,455.5,25,16.25,32.5,980
jwexunmb,1,6083f1a1c244e05d9105bae6,2,1,1.5,0,0,7,-1,-1,12.0,331.25,25,9.0,18.0,985
jwexunmb,0,60957475f7b6d2a2ec5c60a3,3,2,1.5,1,1,8,8292,4676,13.25,318.5,25,11.25,22.5,986
jwexunmb,0,5fae68d5b74c182cacbe5d6a,4,1,2.5,0,0,10,1606,2375,20.0,440.0,25,20.0,40.0,978
jwexunmb,1,5f6e4795536d16361a5119b5,5,2,1.5,0,0,7,-1,-1,20.75,335.25,25,17.75,35.5,977
jwexunmb,0,5f2448855226b0000a8129e1,6,1,2.5,0,1,10,2004,8270,17.75,436.75,25,17.75,35.5,977
jwexunmb,1,5d0aa9aa5047d20018b8490d,7,2,1.5,0,0,7,-1,-1,12.75,279.5,25,9.75,19.5,990
jwexunmb,0,602fb33786b077cdbad2d5bb,8,1,2.5,1,1,5,1744,6815,23.75,429.25,25,18.75,37.5,983
jwexunmb,0,5cb6d6608f7ee10016e5abd7,9,2,2.5,0,0,10,14577,2895,18.75,447.75,25,18.75,37.5,983
jwexunmb,0,5cd1bdedf2156c00013b0152,10,2,1.5,0,1,0,3053,3502,20.0,329.5,25,10.0,20.0,973
jwexunmb,0,5f89cbc45b38f5016101011c,11,1,1.5,1,1,6,4786,5459,13.75,318.75,25,9.75,19.5,990
jwexunmb,0,60147ed73045234d08a3a35d,12,1,2.5,0,1,6,1443,8218,19.0,450.0,25,15.0,30.0,974
jwexunmb,0,601d8755bc36890e34c83999,13,1,2.5,1,1,8,2513,7398,12.0,446.25,25,10.0,20.0,973
jwexunmb,0,5f5159f9e0375838294da699,14,2,1.5,0,1,4,2004,2604,16.5,372.0,25,10.5,21.0,976
jwexunmb,0,5ffc3db4e2e31f000895b073,15,2,1.5,1,1,10,1214,6019,20.0,337.25,25,20.0,40.0,978
jwexunmb,0,5f9c236b484eba05eef4145e,16,2,1.5,0,1,6,3863,6238,12.25,329.5,25,8.25,16.5,988
jwexunmb,0,5e2f448d3d8aa150310b677b,17,2,2.5,1,1,10,2047,2931,21.25,457.5,25,21.25,42.5,979
jwexunmb,0,606389edd44e23139eeecd82,18,2,1.5,0,0,10,2491,3646,15.0,304.25,25,15.0,30.0,975
jwexunmb,0,5c2fcd716ea6880001dc8e3d,19,2,2.5,1,1,10,1372,2448,25.0,456.5,25,25.0,50.0,981
jwexunmb,0,5ca52d313d3ff5001589059c,20,1,1.5,0,0,5,9577,9353,13.25,319.5,25,8.25,16.5,988
jwexunmb,0,605d06581b5591e8199036b5,21,2,2.5,0,1,4,2946,3497,13.5,432.25,25,7.5,15.0,982
jwexunmb,0,5e1b8f81651b723bf3ce7795,22,1,2.5,1,1,6,9184,4134,19.0,443.0,25,15.0,30.0,975
jwexunmb,0,5f131d8417ab1e03a958b349,23,1,1.5,0,1,5,3121,6351,14.75,332.5,25,9.75,19.5,987
jwexunmb,0,60a0dfc6f9936b0d30dfea15,24,2,2.5,0,0,8,3368,4099,12.0,417.0,25,10.0,20.0,984
jwexunmb,0,607b2df4eb8c8a82dd2ce8b8,25,2,1.5,0,1,10,3652,9811,10.5,300.5,25,10.5,21.0,989
jwexunmb,0,60a153e67025247950c7ee24,26,1,2.5,0,0,2,2347,3722,15.5,418.75,25,7.5,15.0,982
jwexunmb,0,5f0633361308dd16f7f4039c,27,2,1.5,1,1,5,3147,6938,14.0,324.25,25,9.0,18.0,985
jwexunmb,0,5e9dd814910d621387801b01,28,1,1.5,1,1,4,1808,4762,16.5,312.75,25,10.5,21.0,989
jwexunmb,0,5e19152c6b55081d6760e512,29,1,2.5,1,1,3,1276,2535,23.25,428.0,25,16.25,32.5,980
jwexunmb,0,5dc4bc30569be3387eb6b52f,30,2,1.5,1,1,8,1118,1277,11.75,313.25,25,9.75,19.5,987
jwexunmb,0,603eafab982298f40bfe9120,31,1,2.5,1,1,0,2051,4832,20.0,425.25,25,10.0,20.0,984
jwexunmb,0,5f3bf76b70b2305d2e676bc8,32,2,1.5,0,1,10,1527,2918,15.0,281.25,25,15.0,30.0,974
jwexunmb,0,5e7d2f16e863ba0d96dc610f,33,1,2.5,0,1,7,1031,2074,24.25,466.25,25,21.25,42.5,979
jwexunmb,1,5f06eefaf3fc742667b4e79d,34,1,1.5,0,1,7,-1,-1,14.25,291.0,25,11.25,22.5,986
jwexunmb,0,607cbdea57addf71b2890592,35,1,2.5,0,0,6,9313,4630,14.5,427.25,25,10.5,21.0,976
jwexunmb,0,5c5cad3e4ee81200018eafe2,36,1,2.5,0,0,10,4378,6596,25.0,448.5,25,25.0,50.0,981
jwexunmb,0,5cc5af95ce735c0017908790,1,1,2.5,0,1,10,13541,11605,17.75,473.25,26,17.75,35.5,994
jwexunmb,1,6083f1a1c244e05d9105bae6,2,1,1.5,0,1,7,-1,-1,11.25,342.5,26,8.25,16.5,1004
jwexunmb,0,60957475f7b6d2a2ec5c60a3,3,2,1.5,1,1,5,5912,8460,13.25,331.75,26,8.25,16.5,1007
jwexunmb,0,5fae68d5b74c182cacbe5d6a,4,2,2.5,0,0,10,4759,2178,25.0,465.0,26,25.0,50.0,1000
jwexunmb,1,5f6e4795536d16361a5119b5,5,2,1.5,0,0,7,-1,-1,20.75,356.0,26,17.75,35.5,994
jwexunmb,0,5f2448855226b0000a8129e1,6,1,2.5,0,1,10,1580,2272,19.25,456.0,26,19.25,38.5,991
jwexunmb,1,5d0aa9aa5047d20018b8490d,7,2,1.5,0,0,7,-1,-1,14.25,293.75,26,11.25,22.5,1008
jwexunmb,0,602fb33786b077cdbad2d5bb,8,1,2.5,0,1,5,2342,3475,13.5,442.75,26,8.5,17.0,993
jwexunmb,0,5cb6d6608f7ee10016e5abd7,9,2,2.5,1,1,10,2247,3730,25.0,472.75,26,25.0,50.0,997
jwexunmb,0,5cd1bdedf2156c00013b0152,10,2,1.5,0,1,3,3654,12158,15.5,345.0,26,8.5,17.0,993
jwexunmb,0,5f89cbc45b38f5016101011c,11,1,1.5,0,1,6,3795,9712,12.25,331.0,26,8.25,16.5,1007
jwexunmb,0,60147ed73045234d08a3a35d,12,1,2.5,1,1,10,3556,2853,25.0,475.0,26,25.0,50.0,997
jwexunmb,0,601d8755bc36890e34c83999,13,2,2.5,1,1,10,5278,3017,12.5,458.75,26,12.5,25.0,999
jwexunmb,0,5f5159f9e0375838294da699,14,2,1.5,0,1,10,2929,8129,20.0,392.0,26,20.0,40.0,995
jwexunmb,0,5ffc3db4e2e31f000895b073,15,1,1.5,0,1,10,6384,4206,7.5,344.75,26,7.5,15.0,1006
jwexunmb,0,5f9c236b484eba05eef4145e,16,2,1.5,0,0,0,4186,5332,17.5,347.0,26,7.5,15.0,1006
jwexunmb,0,5e2f448d3d8aa150310b677b,17,1,2.5,1,1,8,2254,4094,24.5,482.0,26,22.5,45.0,1002
jwexunmb,0,606389edd44e23139eeecd82,18,2,1.5,0,0,1,3844,8180,17.25,321.5,26,8.25,16.5,996
jwexunmb,0,5c2fcd716ea6880001dc8e3d,19,1,2.5,1,1,10,1303,2265,25.0,481.5,26,25.0,50.0,1000
jwexunmb,0,5ca52d313d3ff5001589059c,20,2,1.5,0,1,4,13206,4776,14.25,333.75,26,8.25,16.5,1004
jwexunmb,0,605d06581b5591e8199036b5,21,1,2.5,0,0,7,2710,3658,16.75,449.0,26,13.75,27.5,1001
jwexunmb,0,5e1b8f81651b723bf3ce7795,22,2,2.5,1,1,10,2890,9479,22.5,465.5,26,22.5,45.0,1002
jwexunmb,0,5f131d8417ab1e03a958b349,23,2,1.5,0,0,1,1779,4033,15.0,347.5,26,6.0,12.0,1003
jwexunmb,0,60a0dfc6f9936b0d30dfea15,24,2,2.5,0,0,4,2100,2625,19.75,436.75,26,13.75,27.5,1001
jwexunmb,0,607b2df4eb8c8a82dd2ce8b8,25,2,1.5,0,1,9,3550,5403,20.25,320.75,26,19.25,38.5,991
jwexunmb,0,60a153e67025247950c7ee24,26,1,2.5,0,0,10,2133,6376,17.5,436.25,26,17.5,35.0,998
jwexunmb,0,5f0633361308dd16f7f4039c,27,2,1.5,1,1,6,2317,5277,16.0,340.25,26,12.0,24.0,992
jwexunmb,0,5e9dd814910d621387801b01,28,2,1.5,1,1,8,4355,3323,15.5,328.25,26,13.5,27.0,1005
jwexunmb,0,5e19152c6b55081d6760e512,29,2,2.5,1,1,4,7021,2627,23.5,451.5,26,17.5,35.0,998
jwexunmb,0,5dc4bc30569be3387eb6b52f,30,1,1.5,1,1,8,793,1669,13.25,326.5,26,11.25,22.5,1008
jwexunmb,0,603eafab982298f40bfe9120,31,1,2.5,1,1,0,1914,7663,22.5,447.75,26,12.5,25.0,999
jwexunmb,0,5f3bf76b70b2305d2e676bc8,32,1,1.5,1,1,10,3409,4352,13.5,294.75,26,13.5,27.0,1005
jwexunmb,0,5e7d2f16e863ba0d96dc610f,33,1,2.5,1,1,10,1066,2919,20.0,486.25,26,20.0,40.0,995
jwexunmb,1,5f06eefaf3fc742667b4e79d,34,1,1.5,0,0,7,-1,-1,9.0,300.0,26,6.0,12.0,1003
jwexunmb,0,607cbdea57addf71b2890592,35,1,2.5,0,1,6,2224,5483,12.25,439.5,26,8.25,16.5,996
jwexunmb,0,5c5cad3e4ee81200018eafe2,36,1,2.5,0,1,6,3208,5985,16.0,464.5,26,12.0,24.0,992
jwexunmb,0,5cc5af95ce735c0017908790,1,1,2.5,1,1,10,5875,6312,16.25,489.5,27,16.25,32.5,1010
jwexunmb,1,6083f1a1c244e05d9105bae6,2,2,1.5,0,1,7,-1,-1,9.0,351.5,27,6.0,12.0,1021
jwexunmb,0,60957475f7b6d2a2ec5c60a3,3,2,1.5,0,0,10,2775,12455,15.0,346.75,27,15.0,30.0,1022
jwexunmb,0,5fae68d5b74c182cacbe5d6a,4,2,2.5,1,1,10,3599,1961,18.75,483.75,27,18.75,37.5,1017
jwexunmb,1,5f6e4795536d16361a5119b5,5,2,1.5,0,1,7,-1,-1,20.75,376.75,27,17.75,35.5,1013
jwexunmb,0,5f2448855226b0000a8129e1,6,1,2.5,1,1,10,1927,6133,17.75,473.75,27,17.75,35.5,1009
jwexunmb,1,5d0aa9aa5047d20018b8490d,7,2,1.5,1,1,7,-1,-1,20.75,314.5,27,17.75,35.5,1009
jwexunmb,0,602fb33786b077cdbad2d5bb,8,1,2.5,1,1,3,1746,3442,17.0,459.75,27,10.0,20.0,1020
jwexunmb,0,5cb6d6608f7ee10016e5abd7,9,1,2.5,0,1,9,3971,6838,23.5,496.25,27,22.5,45.0,1015
jwexunmb,0,5cd1bdedf2156c00013b0152,10,2,1.5,1,1,3,6915,10647,15.25,360.25,27,8.25,16.5,1025
jwexunmb,0,5f89cbc45b38f5016101011c,11,1,1.5,0,1,6,3850,10297,16.0,347.0,27,12.0,24.0,1026
jwexunmb,0,60147ed73045234d08a3a35d,12,1,2.5,0,1,7,1728,7990,21.75,496.75,27,18.75,37.5,1019
jwexunmb,0,601d8755bc36890e34c83999,13,1,2.5,0,1,0,2808,4061,15.25,474.0,27,5.25,10.5,1012
jwexunmb,0,5f5159f9e0375838294da699,14,1,1.5,0,1,1,2285,1895,15.0,407.0,27,6.0,12.0,1021
jwexunmb,0,5ffc3db4e2e31f000895b073,15,2,1.5,0,1,0,2976,11419,22.5,367.25,27,12.5,25.0,1014
jwexunmb,0,5f9c236b484eba05eef4145e,16,2,1.5,0,0,8,1909,4165,20.5,367.5,27,18.5,37.0,1011
jwexunmb,0,5e2f448d3d8aa150310b677b,17,2,2.5,0,1,9,2554,3474,23.5,505.5,27,22.5,45.0,1015
jwexunmb,0,606389edd44e23139eeecd82,18,2,1.5,0,0,5,4941,7863,21.25,342.75,27,16.25,32.5,1010
jwexunmb,0,5c2fcd716ea6880001dc8e3d,19,1,2.5,1,1,10,1319,2139,12.5,494.0,27,12.5,25.0,1014
jwexunmb,0,5ca52d313d3ff5001589059c,20,1,1.5,0,0,5,3440,5938,11.75,345.5,27,6.75,13.5,1023
jwexunmb,0,605d06581b5591e8199036b5,21,1,2.5,0,1,10,2006,4607,17.75,466.75,27,17.75,35.5,1013
jwexunmb,0,5e1b8f81651b723bf3ce7795,22,2,2.5,0,1,8,4937,4056,20.75,486.25,27,18.75,37.5,1019
jwexunmb,0,5f131d8417ab1e03a958b349,23,2,1.5,0,0,4,2278,2782,12.75,360.25,27,6.75,13.5,1023
jwexunmb,0,60a0dfc6f9936b0d30dfea15,24,1,2.5,0,0,5,2058,3827,23.75,460.5,27,18.75,37.5,1017
jwexunmb,0,607b2df4eb8c8a82dd2ce8b8,25,2,1.5,0,0,10,6665,6964,12.0,332.75,27,12.0,24.0,1026
jwexunmb,1,60a153e67025247950c7ee24,26,2,2.5,1,1,7,-1,-1,24.25,460.5,27,21.25,42.5,1018
jwexunmb,0,5f0633361308dd16f7f4039c,27,2,1.5,0,1,5,1878,3239,14.75,355.0,27,9.75,19.5,1024
jwexunmb,0,5e9dd814910d621387801b01,28,1,1.5,1,1,8,1415,3187,10.25,338.5,27,8.25,16.5,1025
jwexunmb,0,5e19152c6b55081d6760e512,29,2,2.5,0,1,5,3604,21081,15.0,466.5,27,10.0,20.0,1020
jwexunmb,0,5dc4bc30569be3387eb6b52f,30,1,1.5,0,1,8,880,1947,11.75,338.25,27,9.75,19.5,1024
jwexunmb,0,603eafab982298f40bfe9120,31,2,2.5,1,1,8,1290,3317,24.5,472.25,27,22.5,45.0,1016
jwexunmb,0,5f3bf76b70b2305d2e676bc8,32,1,1.5,0,1,10,1954,8271,15.0,309.75,27,15.0,30.0,1022
jwexunmb,0,5e7d2f16e863ba0d96dc610f,33,1,2.5,1,1,10,2466,1730,18.5,504.75,27,18.5,37.0,1011
jwexunmb,1,5f06eefaf3fc742667b4e79d,34,2,1.5,1,1,7,-1,-1,8.25,308.25,27,5.25,10.5,1012
jwexunmb,0,607cbdea57addf71b2890592,35,1,2.5,1,1,10,1790,4343,22.5,462.0,27,22.5,45.0,1016
jwexunmb,0,5c5cad3e4ee81200018eafe2,36,1,2.5,0,0,10,3702,7068,21.25,485.75,27,21.25,42.5,1018
jwexunmb,0,5cc5af95ce735c0017908790,1,1,2.5,0,1,10,2349,14014,17.75,507.25,28,17.75,35.5,1031
jwexunmb,1,6083f1a1c244e05d9105bae6,2,2,1.5,1,1,7,-1,-1,14.5,366.0,28,11.5,23.0,1030
jwexunmb,0,60957475f7b6d2a2ec5c60a3,3,2,1.5,0,1,10,2993,9678,20.0,366.75,28,20.0,40.0,1028
jwexunmb,0,5fae68d5b74c182cacbe5d6a,4,2,2.5,1,1,10,1124,2852,22.5,506.25,28,22.5,45.0,1033
jwexunmb,1,5f6e4795536d16361a5119b5,5,1,1.5,0,1,7,-1,-1,11.25,388.0,28,8.25,16.5,1042
jwexunmb,0,5f2448855226b0000a8129e1,6,1,2.5,1,1,10,1052,2368,25.0,498.75,28,25.0,50.0,1036
jwexunmb,1,5d0aa9aa5047d20018b8490d,7,2,1.5,1,1,7,-1,-1,12.0,326.5,28,9.0,18.0,1044
jwexunmb,0,602fb33786b077cdbad2d5bb,8,1,2.5,0,1,8,2647,5349,24.5,484.25,28,22.5,45.0,1033
jwexunmb,0,5cb6d6608f7ee10016e5abd7,9,1,2.5,1,1,10,3200,5026,25.0,521.25,28,25.0,50.0,1035
jwexunmb,0,5cd1bdedf2156c00013b0152,10,1,1.5,0,0,5,4696,2495,14.0,374.25,28,9.0,18.0,1044
jwexunmb,0,5f89cbc45b38f5016101011c,11,2,1.5,1,1,7,3640,6475,20.75,367.75,28,17.75,35.5,1031
jwexunmb,0,60147ed73045234d08a3a35d,12,2,2.5,1,1,10,5094,5584,25.0,521.75,28,25.0,50.0,1035
jwexunmb,0,601d8755bc36890e34c83999,13,1,2.5,1,1,0,2939,4461,15.25,489.25,28,5.25,10.5,1029
jwexunmb,0,5f5159f9e0375838294da699,14,1,1.5,0,0,1,2947,7131,13.5,420.5,28,4.5,9.0,1043
jwexunmb,0,5ffc3db4e2e31f000895b073,15,1,1.5,0,1,10,2401,6066,15.0,382.25,28,15.0,30.0,1040
jwexunmb,0,5f9c236b484eba05eef4145e,16,2,1.5,0,0,7,5793,7439,12.75,380.25,28,9.75,19.5,1041
jwexunmb,0,5e2f448d3d8aa150310b677b,17,2,2.5,1,1,8,2220,3252,22.0,527.5,28,20.0,40.0,1038
jwexunmb,0,606389edd44e23139eeecd82,18,1,1.5,0,0,5,6297,5324,8.75,351.5,28,3.75,7.5,1039
jwexunmb,0,5c2fcd716ea6880001dc8e3d,19,2,2.5,0,0,10,1495,3055,25.0,519.0,28,25.0,50.0,1036
jwexunmb,0,5ca52d313d3ff5001589059c,20,2,1.5,0,1,4,1823,3495,14.25,359.75,28,8.25,16.5,1042
jwexunmb,0,605d06581b5591e8199036b5,21,1,2.5,1,1,10,2227,5521,20.0,486.75,28,20.0,40.0,1028
jwexunmb,0,5e1b8f81651b723bf3ce7795,22,2,2.5,1,1,6,1627,3254,20.25,506.5,28,16.25,32.5,1034
jwexunmb,0,5f131d8417ab1e03a958b349,23,2,1.5,0,1,0,3260,3675,13.75,374.0,28,3.75,7.5,1039
jwexunmb,0,60a0dfc6f9936b0d30dfea15,24,1,2.5,0,0,4,2298,3473,17.25,477.75,28,11.25,22.5,1037
jwexunmb,0,607b2df4eb8c8a82dd2ce8b8,25,2,1.5,0,1,9,5821,8804,17.75,350.5,28,16.75,33.5,1027
jwexunmb,1,60a153e67025247950c7ee24,26,1,2.5,0,1,7,-1,-1,17.75,478.25,28,14.75,29.5,1032
jwexunmb,0,5f0633361308dd16f7f4039c,27,1,1.5,0,0,6,2460,3558,13.75,368.75,28,9.75,19.5,1041
jwexunmb,0,5e9dd814910d621387801b01,28,2,1.5,1,1,5,1884,3398,9.5,348.0,28,4.5,9.0,1043
jwexunmb,0,5e19152c6b55081d6760e512,29,1,2.5,1,1,5,1678,3736,16.5,483.0,28,11.5,23.0,1030
jwexunmb,0,5dc4bc30569be3387eb6b52f,30,2,1.5,0,1,8,765,1053,16.75,355.0,28,14.75,29.5,1032
jwexunmb,0,603eafab982298f40bfe9120,31,1,2.5,0,1,7,1630,16275,19.25,491.5,28,16.25,32.5,1034
jwexunmb,0,5f3bf76b70b2305d2e676bc8,32,2,1.5,1,1,10,1361,4246,15.0,324.75,28,15.0,30.0,1040
jwexunmb,0,5e7d2f16e863ba0d96dc610f,33,2,2.5,0,0,5,2395,1543,16.25,521.0,28,11.25,22.5,1037
jwexunmb,1,5f06eefaf3fc742667b4e79d,34,2,1.5,0,0,7,-1,-1,8.25,316.5,28,5.25,10.5,1029
jwexunmb,0,607cbdea57addf71b2890592,35,1,2.5,0,1,8,3835,3780,22.0,484.0,28,20.0,40.0,1038
jwexunmb,0,5c5cad3e4ee81200018eafe2,36,1,2.5,0,1,8,4238,6153,18.75,504.5,28,16.75,33.5,1027
jwexunmb,0,5cc5af95ce735c0017908790,1,1,2.5,0,1,10,6971,9776,18.75,526.0,29,18.75,37.5,1055
jwexunmb,1,6083f1a1c244e05d9105bae6,2,1,1.5,1,1,7,-1,-1,15.75,381.75,29,12.75,25.5,1061
jwexunmb,0,60957475f7b6d2a2ec5c60a3,3,2,1.5,0,0,7,4620,5055,20.75,387.5,29,17.75,35.5,1048
jwexunmb,0,5fae68d5b74c182cacbe5d6a,4,1,2.5,0,0,10,2262,1941,17.75,524.0,29,17.75,35.5,1048
jwexunmb,1,5f6e4795536d16361a5119b5,5,2,1.5,1,1,7,-1,-1,14.25,402.25,29,11.25,22.5,1062
jwexunmb,0,5f2448855226b0000a8129e1,6,1,2.5,0,1,10,1532,2946,21.25,520.0,29,21.25,42.5,1052
jwexunmb,1,5d0aa9aa5047d20018b8490d,7,1,1.5,0,1,7,-1,-1,13.5,340.0,29,10.5,21.0,1060
jwexunmb,0,602fb33786b077cdbad2d5bb,8,1,2.5,0,1,5,1282,5346,15.0,499.25,29,10.0,20.0,1050
jwexunmb,0,5cb6d6608f7ee10016e5abd7,9,1,2.5,0,1,9,2529,5480,13.0,534.25,29,12.0,24.0,1049
jwexunmb,0,5cd1bdedf2156c00013b0152,10,2,1.5,0,1,6,2558,9373,14.5,388.75,29,10.5,21.0,1057
jwexunmb,0,5f89cbc45b38f5016101011c,11,2,1.5,0,1,7,4802,6909,13.5,381.25,29,10.5,21.0,1060
jwexunmb,0,60147ed73045234d08a3a35d,12,1,2.5,1,1,0,1693,5091,13.0,534.75,29,3.0,6.0,1046
jwexunmb,0,601d8755bc36890e34c83999,13,2,2.5,0,1,5,2691,3891,23.75,513.0,29,18.75,37.5,1055
jwexunmb,0,5f5159f9e0375838294da699,14,2,1.5,1,1,2,1692,2025,17.0,437.5,29,9.0,18.0,1058
jwexunmb,0,5ffc3db4e2e31f000895b073,15,1,1.5,1,1,10,1843,3351,9.0,391.25,29,9.0,18.0,1058
jwexunmb,0,5f9c236b484eba05eef4145e,16,1,1.5,0,0,8,3139,3912,13.25,393.5,29,11.25,22.5,1062
jwexunmb,0,5e2f448d3d8aa150310b677b,17,1,2.5,1,1,7,1760,2470,24.25,551.75,29,21.25,42.5,1054
jwexunmb,0,606389edd44e23139eeecd82,18,2,1.5,0,0,1,1762,5760,21.0,372.5,29,12.0,24.0,1049
jwexunmb,0,5c2fcd716ea6880001dc8e3d,19,1,2.5,0,1,10,1305,2210,20.0,539.0,29,20.0,40.0,1045
jwexunmb,0,5ca52d313d3ff5001589059c,20,2,1.5,1,1,6,2244,4625,8.5,368.25,29,4.5,9.0,1047
jwexunmb,0,605d06581b5591e8199036b5,21,2,2.5,0,1,10,3916,3182,13.75,500.5,29,13.75,27.5,1056
jwexunmb,0,5e1b8f81651b723bf3ce7795,22,1,2.5,0,1,7,2342,5021,21.75,528.25,29,18.75,37.5,1053
jwexunmb,0,5f131d8417ab1e03a958b349,23,1,1.5,0,1,0,3685,2968,15.25,389.25,29,5.25,10.5,1059
jwexunmb,0,60a0dfc6f9936b0d30dfea15,24,2,2.5,0,0,10,2238,3073,21.25,499.0,29,21.25,42.5,1054
jwexunmb,0,607b2df4eb8c8a82dd2ce8b8,25,2,1.5,0,1,10,6163,3675,12.75,363.25,29,12.75,25.5,1061
jwexunmb,1,60a153e67025247950c7ee24,26,2,2.5,0,0,7,-1,-1,24.25,502.5,29,21.25,42.5,1052
jwexunmb,0,5f0633361308dd16f7f4039c,27,2,1.5,1,1,4,2450,6245,9.0,377.75,29,3.0,6.0,1046
jwexunmb,0,5e9dd814910d621387801b01,28,2,1.5,0,1,5,2599,5581,15.0,363.0,29,10.0,20.0,1050
jwexunmb,0,5e19152c6b55081d6760e512,29,1,2.5,1,1,5,3070,4933,17.5,500.5,29,12.5,25.0,1051
jwexunmb,0,5dc4bc30569be3387eb6b52f,30,1,1.5,1,1,8,1008,1597,12.5,367.5,29,10.5,21.0,1057
jwexunmb,0,603eafab982298f40bfe9120,31,2,2.5,0,1,5,2378,4945,17.5,509.0,29,12.5,25.0,1051
jwexunmb,0,5f3bf76b70b2305d2e676bc8,32,2,1.5,0,1,10,1738,3765,20.0,344.75,29,20.0,40.0,1045
jwexunmb,0,5e7d2f16e863ba0d96dc610f,33,1,2.5,1,1,1,1233,4623,22.75,543.75,29,13.75,27.5,1056
jwexunmb,1,5f06eefaf3fc742667b4e79d,34,2,1.5,0,1,7,-1,-1,8.25,324.75,29,5.25,10.5,1059
jwexunmb,0,607cbdea57addf71b2890592,35,1,2.5,0,1,0,4742,6687,14.5,498.5,29,4.5,9.0,1047
jwexunmb,0,5c5cad3e4ee81200018eafe2,36,2,2.5,0,0,8,5796,7228,20.75,525.25,29,18.75,37.5,1053
jwexunmb,0,5cc5af95ce735c0017908790,1,1,2.5,0,1,10,21332,4841,13.25,539.25,30,13.25,26.5,1065
jwexunmb,1,6083f1a1c244e05d9105bae6,2,1,1.5,0,1,7,-1,-1,15.75,397.5,30,12.75,25.5,1077
jwexunmb,0,60957475f7b6d2a2ec5c60a3,3,2,1.5,0,0,7,4524,7085,12.0,399.5,30,9.0,18.0,1075
jwexunmb,0,5fae68d5b74c182cacbe5d6a,4,2,2.5,0,0,10,2573,4307,20.0,544.0,30,20.0,40.0,1073
jwexunmb,1,5f6e4795536d16361a5119b5,5,2,1.5,0,0,6,-1,-1,8.5,410.75,30,4.5,9.0,1076
jwexunmb,1,5f2448855226b0000a8129e1,6,2,2.5,0,1,10,1677,2060,23.75,543.75,30,23.75,47.5,1074
jwexunmb,1,5d0aa9aa5047d20018b8490d,7,2,1.5,0,0,6,-1,-1,14.75,354.75,30,10.75,21.5,1063
jwexunmb,0,602fb33786b077cdbad2d5bb,8,1,2.5,1,1,6,1255,6337,24.0,523.25,30,20.0,40.0,1073
jwexunmb,0,5cb6d6608f7ee10016e5abd7,9,1,2.5,0,1,10,11392,7268,17.0,551.25,30,17.0,34.0,1068
jwexunmb,0,5cd1bdedf2156c00013b0152,10,1,1.5,1,1,0,2680,5737,14.5,403.25,30,4.5,9.0,1076
jwexunmb,0,5f89cbc45b38f5016101011c,11,2,1.5,0,1,6,5289,13012,21.0,402.25,30,17.0,34.0,1068
jwexunmb,1,60147ed73045234d08a3a35d,12,1,2.5,0,1,4,2702,5214,22.25,557.0,30,16.25,32.5,1071
jwexunmb,0,601d8755bc36890e34c83999,13,1,2.5,1,1,5,2200,7313,15.75,528.75,30,10.75,21.5,1063
jwexunmb,1,5f5159f9e0375838294da699,14,2,1.5,1,1,3,1316,1677,9.25,446.75,30,2.25,4.5,1078
jwexunmb,0,5ffc3db4e2e31f000895b073,15,2,1.5,1,1,2,5451,9288,10.75,402.0,30,2.75,5.5,1066
jwexunmb,0,5f9c236b484eba05eef4145e,16,1,1.5,0,1,8,6701,4253,15.5,409.0,30,13.5,27.0,1079
jwexunmb,1,5e2f448d3d8aa150310b677b,17,2,2.5,0,1,9,2371,3198,17.25,569.0,30,16.25,32.5,1071
jwexunmb,0,606389edd44e23139eeecd82,18,2,1.5,0,0,2,3003,5338,17.0,389.5,30,9.0,18.0,1064
jwexunmb,0,5c2fcd716ea6880001dc8e3d,19,2,2.5,1,1,10,1068,2163,22.5,561.5,30,22.5,45.0,1070
jwexunmb,0,5ca52d313d3ff5001589059c,20,2,1.5,0,0,1,3188,5526,22.25,390.5,30,13.25,26.5,1065
jwexunmb,0,605d06581b5591e8199036b5,21,1,2.5,0,0,1,4252,3221,11.75,512.25,30,2.75,5.5,1066
jwexunmb,0,5e1b8f81651b723bf3ce7795,22,1,2.5,0,1,8,2461,6973,24.5,552.75,30,22.5,45.0,1070
jwexunmb,1,5f131d8417ab1e03a958b349,23,1,1.5,0,0,0,1722,1974,12.25,401.5,30,2.25,4.5,1078
jwexunmb,1,60a0dfc6f9936b0d30dfea15,24,1,2.5,0,0,9,2379,2633,24.75,523.75,30,23.75,47.5,1074
jwexunmb,0,607b2df4eb8c8a82dd2ce8b8,25,2,1.5,1,1,10,3623,8476,12.75,376.0,30,12.75,25.5,1077
jwexunmb,1,60a153e67025247950c7ee24,26,1,2.5,0,1,6,-1,-1,13.0,515.5,30,9.0,18.0,1064
jwexunmb,0,5f0633361308dd16f7f4039c,27,2,1.5,0,1,2,2682,3577,13.25,391.0,30,5.25,10.5,1067
jwexunmb,0,5e9dd814910d621387801b01,28,1,1.5,0,1,5,1290,3068,14.0,377.0,30,9.0,18.0,1075
jwexunmb,0,5e19152c6b55081d6760e512,29,1,2.5,0,1,3,5299,8842,12.25,512.75,30,5.25,10.5,1067
jwexunmb,0,5dc4bc30569be3387eb6b52f,30,2,1.5,0,1,8,3066,3022,12.5,380.0,30,10.5,21.0,1080
jwexunmb,0,603eafab982298f40bfe9120,31,1,2.5,0,1,0,1535,4057,22.5,531.5,30,12.5,25.0,1072
jwexunmb,0,5f3bf76b70b2305d2e676bc8,32,2,1.5,1,1,10,1811,2684,13.5,358.25,30,13.5,27.0,1079
jwexunmb,0,5e7d2f16e863ba0d96dc610f,33,2,2.5,1,1,10,1147,1362,12.5,556.25,30,12.5,25.0,1072
jwexunmb,1,5f06eefaf3fc742667b4e79d,34,1,1.5,1,1,6,-1,-1,14.5,339.25,30,10.5,21.0,1080
jwexunmb,0,607cbdea57addf71b2890592,35,1,2.5,0,1,6,2765,4297,20.25,518.75,30,16.25,32.5,1069
jwexunmb,0,5c5cad3e4ee81200018eafe2,36,2,2.5,0,0,7,3002,5171,19.25,544.5,30,16.25,32.5,1069
